STARTFONT 2.1
COMMENT
COMMENT Converted from OpenType font "Arial.ttf" by "otf2bdf 3.0".
COMMENT
FONT -FreeType-Arial-Medium-R-Normal--15-110-100-100-P-74-ISO10646-1
SIZE 11 100 100
FONTBOUNDINGBOX 27 21 -10 -5
STARTPROPERTIES 19
FOUNDRY "FreeType"
FAMILY_NAME "Arial"
WEIGHT_NAME "Medium"
SLANT "R"
SETWIDTH_NAME "Normal"
ADD_STYLE_NAME ""
PIXEL_SIZE 15
POINT_SIZE 110
RESOLUTION_X 100
RESOLUTION_Y 100
SPACING "P"
AVERAGE_WIDTH 74
CHARSET_REGISTRY "ISO10646"
CHARSET_ENCODING "1"
FONT_ASCENT 13
FONT_DESCENT 3
COPYRIGHT "Typeface © The Monotype Corporation plc. Data © The Monotype Corporation plc/Type Solutions Inc. 1990-1992. All Rights Reserved"
_OTF_FONTFILE "Arial.ttf"
_OTF_PSNAME "ArialMT"
ENDPROPERTIES
CHARS 1186
STARTCHAR 0020
ENCODING 32
SWIDTH 261 0
DWIDTH 4 0
BBX 0 0 0 0
BITMAP
ENDCHAR
STARTCHAR 0021
ENCODING 33
SWIDTH 261 0
DWIDTH 4 0
BBX 2 11 1 0
BITMAP
C0
C0
C0
C0
C0
C0
40
40
40
00
C0
ENDCHAR
STARTCHAR 0022
ENCODING 34
SWIDTH 327 0
DWIDTH 5 0
BBX 4 4 1 7
BITMAP
B0
B0
B0
A0
ENDCHAR
STARTCHAR 0023
ENCODING 35
SWIDTH 523 0
DWIDTH 8 0
BBX 8 11 0 0
BITMAP
12
12
32
FF
26
24
24
FF
44
4C
48
ENDCHAR
STARTCHAR 0024
ENCODING 36
SWIDTH 523 0
DWIDTH 8 0
BBX 7 13 1 -1
BITMAP
10
78
DC
94
90
D0
38
14
16
96
D4
78
10
ENDCHAR
STARTCHAR 0025
ENCODING 37
SWIDTH 850 0
DWIDTH 13 0
BBX 11 11 1 0
BITMAP
7080
9100
9100
9200
9200
74C0
0520
0920
0920
1120
30C0
ENDCHAR
STARTCHAR 0026
ENCODING 38
SWIDTH 654 0
DWIDTH 10 0
BBX 8 11 1 0
BITMAP
38
64
44
64
28
70
CB
8F
86
CF
79
ENDCHAR
STARTCHAR 0027
ENCODING 39
SWIDTH 196 0
DWIDTH 3 0
BBX 1 4 1 7
BITMAP
80
80
80
80
ENDCHAR
STARTCHAR 0028
ENCODING 40
SWIDTH 327 0
DWIDTH 5 0
BBX 3 14 1 -3
BITMAP
20
20
40
40
C0
80
80
80
80
C0
40
40
60
20
ENDCHAR
STARTCHAR 0029
ENCODING 41
SWIDTH 327 0
DWIDTH 5 0
BBX 3 14 1 -3
BITMAP
80
40
40
20
20
20
20
20
20
20
20
40
40
80
ENDCHAR
STARTCHAR 002A
ENCODING 42
SWIDTH 392 0
DWIDTH 6 0
BBX 4 5 1 6
BITMAP
40
D0
60
60
A0
ENDCHAR
STARTCHAR 002B
ENCODING 43
SWIDTH 589 0
DWIDTH 9 0
BBX 7 7 1 2
BITMAP
10
10
10
FE
10
10
10
ENDCHAR
STARTCHAR 002C
ENCODING 44
SWIDTH 261 0
DWIDTH 4 0
BBX 2 4 1 -3
BITMAP
C0
40
40
80
ENDCHAR
STARTCHAR 002D
ENCODING 45
SWIDTH 327 0
DWIDTH 5 0
BBX 5 1 0 3
BITMAP
F8
ENDCHAR
STARTCHAR 002E
ENCODING 46
SWIDTH 261 0
DWIDTH 4 0
BBX 2 1 1 0
BITMAP
C0
ENDCHAR
STARTCHAR 002F
ENCODING 47
SWIDTH 261 0
DWIDTH 4 0
BBX 4 11 0 0
BITMAP
10
10
20
20
20
20
40
40
40
80
80
ENDCHAR
STARTCHAR 0030
ENCODING 48
SWIDTH 523 0
DWIDTH 8 0
BBX 7 11 1 0
BITMAP
78
CC
84
84
86
86
86
84
84
CC
78
ENDCHAR
STARTCHAR 0031
ENCODING 49
SWIDTH 523 0
DWIDTH 8 0
BBX 4 11 2 0
BITMAP
30
30
F0
B0
30
30
30
30
30
30
30
ENDCHAR
STARTCHAR 0032
ENCODING 50
SWIDTH 523 0
DWIDTH 8 0
BBX 7 11 1 0
BITMAP
78
C4
84
06
04
0C
18
30
60
C0
FE
ENDCHAR
STARTCHAR 0033
ENCODING 51
SWIDTH 523 0
DWIDTH 8 0
BBX 7 11 1 0
BITMAP
78
CC
84
04
0C
38
04
06
86
CC
78
ENDCHAR
STARTCHAR 0034
ENCODING 52
SWIDTH 523 0
DWIDTH 8 0
BBX 8 11 0 0
BITMAP
04
0C
1C
14
24
64
44
FF
04
04
04
ENDCHAR
STARTCHAR 0035
ENCODING 53
SWIDTH 523 0
DWIDTH 8 0
BBX 7 11 1 0
BITMAP
7C
40
C0
C0
B8
C4
06
06
86
CC
78
ENDCHAR
STARTCHAR 0036
ENCODING 54
SWIDTH 523 0
DWIDTH 8 0
BBX 7 11 1 0
BITMAP
38
44
84
80
B8
C4
86
86
86
C4
78
ENDCHAR
STARTCHAR 0037
ENCODING 55
SWIDTH 523 0
DWIDTH 8 0
BBX 7 11 1 0
BITMAP
FE
04
08
18
10
30
20
20
20
60
60
ENDCHAR
STARTCHAR 0038
ENCODING 56
SWIDTH 523 0
DWIDTH 8 0
BBX 7 11 1 0
BITMAP
78
CC
84
84
CC
38
C4
86
86
C4
78
ENDCHAR
STARTCHAR 0039
ENCODING 57
SWIDTH 523 0
DWIDTH 8 0
BBX 7 11 1 0
BITMAP
78
CC
84
86
86
CE
76
06
84
CC
78
ENDCHAR
STARTCHAR 003A
ENCODING 58
SWIDTH 261 0
DWIDTH 4 0
BBX 2 8 1 0
BITMAP
C0
00
00
00
00
00
00
C0
ENDCHAR
STARTCHAR 003B
ENCODING 59
SWIDTH 261 0
DWIDTH 4 0
BBX 2 11 1 -3
BITMAP
C0
00
00
00
00
00
00
C0
40
40
80
ENDCHAR
STARTCHAR 003C
ENCODING 60
SWIDTH 589 0
DWIDTH 9 0
BBX 7 7 1 2
BITMAP
02
1C
70
80
70
1C
02
ENDCHAR
STARTCHAR 003D
ENCODING 61
SWIDTH 589 0
DWIDTH 9 0
BBX 7 5 1 3
BITMAP
FE
00
00
00
FE
ENDCHAR
STARTCHAR 003E
ENCODING 62
SWIDTH 589 0
DWIDTH 9 0
BBX 7 7 1 2
BITMAP
80
60
1C
06
1C
60
80
ENDCHAR
STARTCHAR 003F
ENCODING 63
SWIDTH 523 0
DWIDTH 8 0
BBX 7 11 1 0
BITMAP
78
C4
86
06
0C
18
10
10
30
00
30
ENDCHAR
STARTCHAR 0040
ENCODING 64
SWIDTH 981 0
DWIDTH 15 0
BBX 13 14 1 -3
BITMAP
0FC0
3060
6010
4748
88C8
98C8
9088
9088
9098
91B0
CEE0
6008
3030
0FC0
ENDCHAR
STARTCHAR 0041
ENCODING 65
SWIDTH 654 0
DWIDTH 10 0
BBX 10 11 0 0
BITMAP
0C00
0C00
1E00
1200
3200
3300
2100
7F80
4180
4080
C0C0
ENDCHAR
STARTCHAR 0042
ENCODING 66
SWIDTH 654 0
DWIDTH 10 0
BBX 8 11 1 0
BITMAP
FC
C2
C3
C3
C2
FE
C3
C1
C1
C3
FE
ENDCHAR
STARTCHAR 0043
ENCODING 67
SWIDTH 720 0
DWIDTH 11 0
BBX 9 11 1 0
BITMAP
3E00
6300
C180
8000
8000
8000
8000
8080
C180
6300
3E00
ENDCHAR
STARTCHAR 0044
ENCODING 68
SWIDTH 720 0
DWIDTH 11 0
BBX 9 11 1 0
BITMAP
FE00
C300
C100
C180
C080
C080
C080
C180
C100
C300
FE00
ENDCHAR
STARTCHAR 0045
ENCODING 69
SWIDTH 654 0
DWIDTH 10 0
BBX 8 11 1 0
BITMAP
FF
C0
C0
C0
C0
FF
C0
C0
C0
C0
FF
ENDCHAR
STARTCHAR 0046
ENCODING 70
SWIDTH 589 0
DWIDTH 9 0
BBX 7 11 1 0
BITMAP
FE
C0
C0
C0
C0
FE
C0
C0
C0
C0
C0
ENDCHAR
STARTCHAR 0047
ENCODING 71
SWIDTH 785 0
DWIDTH 12 0
BBX 10 11 1 0
BITMAP
1F00
6180
4080
C000
8000
87C0
80C0
C0C0
40C0
6180
1F00
ENDCHAR
STARTCHAR 0048
ENCODING 72
SWIDTH 720 0
DWIDTH 11 0
BBX 9 11 1 0
BITMAP
C180
C180
C180
C180
C180
FF80
C180
C180
C180
C180
C180
ENDCHAR
STARTCHAR 0049
ENCODING 73
SWIDTH 261 0
DWIDTH 4 0
BBX 2 11 1 0
BITMAP
C0
C0
C0
C0
C0
C0
C0
C0
C0
C0
C0
ENDCHAR
STARTCHAR 004A
ENCODING 74
SWIDTH 523 0
DWIDTH 8 0
BBX 6 11 0 0
BITMAP
04
04
04
04
04
04
04
04
C4
44
78
ENDCHAR
STARTCHAR 004B
ENCODING 75
SWIDTH 654 0
DWIDTH 10 0
BBX 9 11 1 0
BITMAP
C300
C600
CC00
D800
F000
F800
CC00
C400
C600
C300
C180
ENDCHAR
STARTCHAR 004C
ENCODING 76
SWIDTH 523 0
DWIDTH 8 0
BBX 7 11 1 0
BITMAP
C0
C0
C0
C0
C0
C0
C0
C0
C0
C0
FE
ENDCHAR
STARTCHAR 004D
ENCODING 77
SWIDTH 850 0
DWIDTH 13 0
BBX 10 11 1 0
BITMAP
C0C0
A0C0
A0C0
A140
9140
9140
9240
8A40
8A40
8C40
8C40
ENDCHAR
STARTCHAR 004E
ENCODING 78
SWIDTH 720 0
DWIDTH 11 0
BBX 9 11 1 0
BITMAP
C180
C180
E180
D180
D180
C980
C980
C580
C380
C380
C180
ENDCHAR
STARTCHAR 004F
ENCODING 79
SWIDTH 785 0
DWIDTH 12 0
BBX 10 11 1 0
BITMAP
1E00
6180
C080
80C0
80C0
8040
80C0
80C0
C080
6180
1E00
ENDCHAR
STARTCHAR 0050
ENCODING 80
SWIDTH 654 0
DWIDTH 10 0
BBX 8 11 1 0
BITMAP
FE
C3
C1
C1
C3
FE
C0
C0
C0
C0
C0
ENDCHAR
STARTCHAR 0051
ENCODING 81
SWIDTH 785 0
DWIDTH 12 0
BBX 10 12 1 -1
BITMAP
3E00
6100
C080
80C0
80C0
80C0
80C0
80C0
C480
6380
3FC0
0040
ENDCHAR
STARTCHAR 0052
ENCODING 82
SWIDTH 720 0
DWIDTH 11 0
BBX 9 11 1 0
BITMAP
FF00
C100
C180
C180
C100
FE00
C400
C200
C300
C180
C080
ENDCHAR
STARTCHAR 0053
ENCODING 83
SWIDTH 654 0
DWIDTH 10 0
BBX 8 11 1 0
BITMAP
3C
C2
83
C0
70
3E
03
01
81
C3
7C
ENDCHAR
STARTCHAR 0054
ENCODING 84
SWIDTH 589 0
DWIDTH 9 0
BBX 9 11 0 0
BITMAP
FF80
0800
0800
0800
0800
0800
0800
0800
0800
0800
0800
ENDCHAR
STARTCHAR 0055
ENCODING 85
SWIDTH 720 0
DWIDTH 11 0
BBX 9 11 1 0
BITMAP
C180
C180
C180
C180
C180
C180
C180
C180
C100
6300
3E00
ENDCHAR
STARTCHAR 0056
ENCODING 86
SWIDTH 654 0
DWIDTH 10 0
BBX 10 11 0 0
BITMAP
C0C0
4080
6180
6180
2100
3300
1200
1200
1E00
0C00
0C00
ENDCHAR
STARTCHAR 0057
ENCODING 87
SWIDTH 916 0
DWIDTH 14 0
BBX 14 11 0 0
BITMAP
C30C
430C
4388
4688
6488
2498
2CD0
2850
3850
1860
1820
ENDCHAR
STARTCHAR 0058
ENCODING 88
SWIDTH 654 0
DWIDTH 10 0
BBX 10 11 0 0
BITMAP
6080
2180
3300
1A00
0C00
0C00
1E00
1200
3300
6180
C0C0
ENDCHAR
STARTCHAR 0059
ENCODING 89
SWIDTH 654 0
DWIDTH 10 0
BBX 10 11 0 0
BITMAP
C0C0
6180
2100
3300
1E00
0C00
0C00
0C00
0C00
0C00
0C00
ENDCHAR
STARTCHAR 005A
ENCODING 90
SWIDTH 589 0
DWIDTH 9 0
BBX 9 11 0 0
BITMAP
7F80
0100
0200
0600
0C00
0800
1000
3000
6000
4000
FF80
ENDCHAR
STARTCHAR 005B
ENCODING 91
SWIDTH 261 0
DWIDTH 4 0
BBX 3 14 1 -3
BITMAP
E0
80
80
80
80
80
80
80
80
80
80
80
80
E0
ENDCHAR
STARTCHAR 005C
ENCODING 92
SWIDTH 261 0
DWIDTH 4 0
BBX 4 11 0 0
BITMAP
80
80
40
40
40
20
20
20
20
10
10
ENDCHAR
STARTCHAR 005D
ENCODING 93
SWIDTH 261 0
DWIDTH 4 0
BBX 3 14 0 -3
BITMAP
E0
20
20
20
20
20
20
20
20
20
20
20
20
E0
ENDCHAR
STARTCHAR 005E
ENCODING 94
SWIDTH 458 0
DWIDTH 7 0
BBX 5 6 1 5
BITMAP
20
50
50
D8
88
88
ENDCHAR
STARTCHAR 005F
ENCODING 95
SWIDTH 523 0
DWIDTH 8 0
BBX 9 1 0 -3
BITMAP
FF80
ENDCHAR
STARTCHAR 0060
ENCODING 96
SWIDTH 327 0
DWIDTH 5 0
BBX 2 2 1 9
BITMAP
C0
40
ENDCHAR
STARTCHAR 0061
ENCODING 97
SWIDTH 523 0
DWIDTH 8 0
BBX 7 8 1 0
BITMAP
7C
84
04
3C
E4
84
8C
F6
ENDCHAR
STARTCHAR 0062
ENCODING 98
SWIDTH 523 0
DWIDTH 8 0
BBX 7 11 1 0
BITMAP
80
80
80
B8
C4
86
86
86
86
CC
B8
ENDCHAR
STARTCHAR 0063
ENCODING 99
SWIDTH 523 0
DWIDTH 8 0
BBX 6 8 1 0
BITMAP
78
C4
80
80
80
80
C4
78
ENDCHAR
STARTCHAR 0064
ENCODING 100
SWIDTH 523 0
DWIDTH 8 0
BBX 6 11 1 0
BITMAP
04
04
04
74
CC
84
84
84
84
CC
7C
ENDCHAR
STARTCHAR 0065
ENCODING 101
SWIDTH 523 0
DWIDTH 8 0
BBX 7 8 1 0
BITMAP
78
C4
86
FE
80
80
C4
78
ENDCHAR
STARTCHAR 0066
ENCODING 102
SWIDTH 261 0
DWIDTH 4 0
BBX 5 11 0 0
BITMAP
38
60
60
F0
60
60
60
60
60
60
60
ENDCHAR
STARTCHAR 0067
ENCODING 103
SWIDTH 523 0
DWIDTH 8 0
BBX 6 11 1 -3
BITMAP
7C
CC
84
84
84
84
CC
74
04
8C
78
ENDCHAR
STARTCHAR 0068
ENCODING 104
SWIDTH 523 0
DWIDTH 8 0
BBX 6 11 1 0
BITMAP
80
80
80
B8
C4
84
84
84
84
84
84
ENDCHAR
STARTCHAR 0069
ENCODING 105
SWIDTH 196 0
DWIDTH 3 0
BBX 1 11 1 0
BITMAP
80
00
00
80
80
80
80
80
80
80
80
ENDCHAR
STARTCHAR 006A
ENCODING 106
SWIDTH 196 0
DWIDTH 3 0
BBX 3 14 -1 -3
BITMAP
20
00
00
20
20
20
20
20
20
20
20
20
20
E0
ENDCHAR
STARTCHAR 006B
ENCODING 107
SWIDTH 523 0
DWIDTH 8 0
BBX 6 11 1 0
BITMAP
80
80
80
8C
98
B0
F0
D0
98
88
8C
ENDCHAR
STARTCHAR 006C
ENCODING 108
SWIDTH 196 0
DWIDTH 3 0
BBX 1 11 1 0
BITMAP
80
80
80
80
80
80
80
80
80
80
80
ENDCHAR
STARTCHAR 006D
ENCODING 109
SWIDTH 850 0
DWIDTH 13 0
BBX 11 8 1 0
BITMAP
BBC0
CE40
8460
8460
8460
8460
8460
8460
ENDCHAR
STARTCHAR 006E
ENCODING 110
SWIDTH 523 0
DWIDTH 8 0
BBX 6 8 1 0
BITMAP
B8
C4
84
84
84
84
84
84
ENDCHAR
STARTCHAR 006F
ENCODING 111
SWIDTH 523 0
DWIDTH 8 0
BBX 7 8 1 0
BITMAP
78
C4
86
86
86
86
C4
78
ENDCHAR
STARTCHAR 0070
ENCODING 112
SWIDTH 523 0
DWIDTH 8 0
BBX 7 11 1 -3
BITMAP
B8
C4
86
86
86
86
C4
B8
80
80
80
ENDCHAR
STARTCHAR 0071
ENCODING 113
SWIDTH 523 0
DWIDTH 8 0
BBX 6 11 1 -3
BITMAP
74
CC
84
84
84
84
CC
74
04
04
04
ENDCHAR
STARTCHAR 0072
ENCODING 114
SWIDTH 327 0
DWIDTH 5 0
BBX 4 8 1 0
BITMAP
B0
C0
80
80
80
80
80
80
ENDCHAR
STARTCHAR 0073
ENCODING 115
SWIDTH 523 0
DWIDTH 8 0
BBX 6 8 1 0
BITMAP
78
88
80
F0
1C
04
8C
F8
ENDCHAR
STARTCHAR 0074
ENCODING 116
SWIDTH 261 0
DWIDTH 4 0
BBX 4 11 0 0
BITMAP
20
60
60
F0
60
60
60
60
60
60
30
ENDCHAR
STARTCHAR 0075
ENCODING 117
SWIDTH 523 0
DWIDTH 8 0
BBX 6 8 1 0
BITMAP
84
84
84
84
84
84
CC
74
ENDCHAR
STARTCHAR 0076
ENCODING 118
SWIDTH 523 0
DWIDTH 8 0
BBX 7 8 0 0
BITMAP
C2
46
44
64
2C
28
18
18
ENDCHAR
STARTCHAR 0077
ENCODING 119
SWIDTH 720 0
DWIDTH 11 0
BBX 11 8 0 0
BITMAP
C460
CC40
4A40
4AC0
6A80
3280
3180
3100
ENDCHAR
STARTCHAR 0078
ENCODING 120
SWIDTH 523 0
DWIDTH 8 0
BBX 7 8 0 0
BITMAP
46
64
38
18
18
2C
64
C6
ENDCHAR
STARTCHAR 0079
ENCODING 121
SWIDTH 523 0
DWIDTH 8 0
BBX 7 11 0 -3
BITMAP
C2
42
64
24
2C
38
18
18
10
10
60
ENDCHAR
STARTCHAR 007A
ENCODING 122
SWIDTH 523 0
DWIDTH 8 0
BBX 7 8 0 0
BITMAP
7E
04
0C
18
30
20
40
FE
ENDCHAR
STARTCHAR 007B
ENCODING 123
SWIDTH 327 0
DWIDTH 5 0
BBX 5 14 0 -3
BITMAP
18
20
20
20
20
20
60
C0
20
20
20
20
20
18
ENDCHAR
STARTCHAR 007C
ENCODING 124
SWIDTH 261 0
DWIDTH 4 0
BBX 2 14 1 -3
BITMAP
C0
C0
C0
C0
C0
C0
C0
C0
C0
C0
C0
C0
C0
C0
ENDCHAR
STARTCHAR 007D
ENCODING 125
SWIDTH 327 0
DWIDTH 5 0
BBX 5 14 0 -3
BITMAP
C0
20
20
20
20
20
30
18
20
20
20
20
20
C0
ENDCHAR
STARTCHAR 007E
ENCODING 126
SWIDTH 589 0
DWIDTH 9 0
BBX 7 2 1 4
BITMAP
F2
9E
ENDCHAR
STARTCHAR 00A0
ENCODING 160
SWIDTH 261 0
DWIDTH 4 0
BBX 0 0 0 0
BITMAP
ENDCHAR
STARTCHAR 00A1
ENCODING 161
SWIDTH 327 0
DWIDTH 5 0
BBX 1 11 2 -3
BITMAP
80
00
80
80
80
80
80
80
80
80
80
ENDCHAR
STARTCHAR 00A2
ENCODING 162
SWIDTH 523 0
DWIDTH 8 0
BBX 6 14 1 -3
BITMAP
04
08
08
78
D4
94
90
90
A4
E4
78
40
40
40
ENDCHAR
STARTCHAR 00A3
ENCODING 163
SWIDTH 523 0
DWIDTH 8 0
BBX 8 11 0 0
BITMAP
3E
62
60
60
60
F8
20
20
20
79
86
ENDCHAR
STARTCHAR 00A4
ENCODING 164
SWIDTH 523 0
DWIDTH 8 0
BBX 6 6 1 2
BITMAP
B4
CC
84
84
CC
B4
ENDCHAR
STARTCHAR 00A5
ENCODING 165
SWIDTH 523 0
DWIDTH 8 0
BBX 8 11 0 0
BITMAP
C3
42
66
24
1C
FF
18
FF
18
18
18
ENDCHAR
STARTCHAR 00A6
ENCODING 166
SWIDTH 261 0
DWIDTH 4 0
BBX 2 14 1 -3
BITMAP
C0
C0
C0
C0
C0
00
00
00
C0
C0
C0
C0
C0
C0
ENDCHAR
STARTCHAR 00A7
ENCODING 167
SWIDTH 523 0
DWIDTH 8 0
BBX 7 14 1 -3
BITMAP
78
CC
C4
40
70
98
84
C6
64
18
0C
84
CC
78
ENDCHAR
STARTCHAR 00A8
ENCODING 168
SWIDTH 327 0
DWIDTH 5 0
BBX 5 1 0 10
BITMAP
D8
ENDCHAR
STARTCHAR 00A9
ENCODING 169
SWIDTH 720 0
DWIDTH 11 0
BBX 11 11 0 0
BITMAP
1F00
2080
4E40
9120
9020
9020
9120
8E20
4040
2080
1F00
ENDCHAR
STARTCHAR 00AA
ENCODING 170
SWIDTH 392 0
DWIDTH 6 0
BBX 5 6 0 5
BITMAP
70
48
38
C8
88
78
ENDCHAR
STARTCHAR 00AB
ENCODING 171
SWIDTH 523 0
DWIDTH 8 0
BBX 6 7 1 1
BITMAP
24
68
48
90
48
68
24
ENDCHAR
STARTCHAR 00AC
ENCODING 172
SWIDTH 589 0
DWIDTH 9 0
BBX 7 4 1 3
BITMAP
FE
02
02
02
ENDCHAR
STARTCHAR 00AD
ENCODING 173
SWIDTH 327 0
DWIDTH 5 0
BBX 5 1 0 3
BITMAP
F8
ENDCHAR
STARTCHAR 00AE
ENCODING 174
SWIDTH 720 0
DWIDTH 11 0
BBX 11 11 0 0
BITMAP
1F00
2080
5E40
9120
9120
9E20
9220
9120
4040
2080
1F00
ENDCHAR
STARTCHAR 00AF
ENCODING 175
SWIDTH 523 0
DWIDTH 8 0
BBX 9 1 0 11
BITMAP
FF80
ENDCHAR
STARTCHAR 00B0
ENCODING 176
SWIDTH 392 0
DWIDTH 6 0
BBX 4 4 1 7
BITMAP
60
90
90
60
ENDCHAR
STARTCHAR 00B1
ENCODING 177
SWIDTH 523 0
DWIDTH 8 0
BBX 7 9 1 0
BITMAP
30
30
30
FE
30
30
30
00
FE
ENDCHAR
STARTCHAR 00B2
ENCODING 178
SWIDTH 327 0
DWIDTH 5 0
BBX 5 6 0 5
BITMAP
70
D8
18
30
40
F8
ENDCHAR
STARTCHAR 00B3
ENCODING 179
SWIDTH 327 0
DWIDTH 5 0
BBX 5 6 0 5
BITMAP
70
50
30
08
D8
70
ENDCHAR
STARTCHAR 00B4
ENCODING 180
SWIDTH 327 0
DWIDTH 5 0
BBX 2 2 2 9
BITMAP
C0
80
ENDCHAR
STARTCHAR 00B5
ENCODING 181
SWIDTH 589 0
DWIDTH 9 0
BBX 6 11 1 -3
BITMAP
84
84
84
84
84
C4
C4
BC
80
80
80
ENDCHAR
STARTCHAR 00B6
ENCODING 182
SWIDTH 523 0
DWIDTH 8 0
BBX 8 14 0 -3
BITMAP
7F
F2
F2
F2
F2
72
12
12
12
12
12
12
12
12
ENDCHAR
STARTCHAR 00B7
ENCODING 183
SWIDTH 261 0
DWIDTH 4 0
BBX 2 1 1 5
BITMAP
C0
ENDCHAR
STARTCHAR 00B8
ENCODING 184
SWIDTH 327 0
DWIDTH 5 0
BBX 3 3 1 -3
BITMAP
40
20
E0
ENDCHAR
STARTCHAR 00B9
ENCODING 185
SWIDTH 327 0
DWIDTH 5 0
BBX 2 6 1 5
BITMAP
40
C0
40
40
40
40
ENDCHAR
STARTCHAR 00BA
ENCODING 186
SWIDTH 327 0
DWIDTH 5 0
BBX 5 6 0 5
BITMAP
70
48
88
88
48
70
ENDCHAR
STARTCHAR 00BB
ENCODING 187
SWIDTH 523 0
DWIDTH 8 0
BBX 6 7 1 1
BITMAP
90
48
6C
24
6C
48
90
ENDCHAR
STARTCHAR 00BC
ENCODING 188
SWIDTH 850 0
DWIDTH 13 0
BBX 11 11 1 0
BITMAP
4040
C080
4100
4200
4200
4460
08E0
18E0
1160
21E0
4060
ENDCHAR
STARTCHAR 00BD
ENCODING 189
SWIDTH 850 0
DWIDTH 13 0
BBX 11 11 1 0
BITMAP
40C0
C080
4100
4200
4600
44E0
0920
1020
1040
2080
41E0
ENDCHAR
STARTCHAR 00BE
ENCODING 190
SWIDTH 850 0
DWIDTH 13 0
BBX 12 11 0 0
BITMAP
7020
5040
3080
0900
D900
7230
0430
0C70
08B0
10F0
2030
ENDCHAR
STARTCHAR 00BF
ENCODING 191
SWIDTH 589 0
DWIDTH 9 0
BBX 7 11 1 -3
BITMAP
10
00
10
10
30
60
40
C0
C2
46
3C
ENDCHAR
STARTCHAR 00C0
ENCODING 192
SWIDTH 654 0
DWIDTH 10 0
BBX 10 14 0 0
BITMAP
0800
0400
0000
0C00
0C00
1E00
1200
3200
3300
2100
7F80
4180
4080
C0C0
ENDCHAR
STARTCHAR 00C1
ENCODING 193
SWIDTH 654 0
DWIDTH 10 0
BBX 10 14 0 0
BITMAP
0400
0800
0000
0C00
0C00
1E00
1200
3200
3300
2100
7F80
4180
4080
C0C0
ENDCHAR
STARTCHAR 00C2
ENCODING 194
SWIDTH 654 0
DWIDTH 10 0
BBX 10 14 0 0
BITMAP
0C00
1600
0000
0C00
0C00
1E00
1200
3200
3300
2100
7F80
4180
4080
C0C0
ENDCHAR
STARTCHAR 00C3
ENCODING 195
SWIDTH 654 0
DWIDTH 10 0
BBX 10 14 0 0
BITMAP
1A00
1600
0000
0C00
0C00
1E00
1200
3200
3300
2100
7F80
4180
4080
C0C0
ENDCHAR
STARTCHAR 00C4
ENCODING 196
SWIDTH 654 0
DWIDTH 10 0
BBX 10 13 0 0
BITMAP
1600
0000
0C00
0C00
1E00
1200
3200
3300
2100
7F80
4180
4080
C0C0
ENDCHAR
STARTCHAR 00C5
ENCODING 197
SWIDTH 654 0
DWIDTH 10 0
BBX 10 13 0 0
BITMAP
0C00
1400
0C00
0C00
1E00
1200
3200
3300
2100
7F80
4180
4080
C0C0
ENDCHAR
STARTCHAR 00C6
ENCODING 198
SWIDTH 981 0
DWIDTH 15 0
BBX 14 11 0 0
BITMAP
07FC
0D80
0980
0980
1980
11FC
3180
3F80
6180
4180
C1FC
ENDCHAR
STARTCHAR 00C7
ENCODING 199
SWIDTH 720 0
DWIDTH 11 0
BBX 9 14 1 -3
BITMAP
3E00
6300
C180
8000
8000
8000
8000
8080
C180
6300
3E00
0800
0400
1C00
ENDCHAR
STARTCHAR 00C8
ENCODING 200
SWIDTH 654 0
DWIDTH 10 0
BBX 8 14 1 0
BITMAP
10
08
00
FF
C0
C0
C0
C0
FF
C0
C0
C0
C0
FF
ENDCHAR
STARTCHAR 00C9
ENCODING 201
SWIDTH 654 0
DWIDTH 10 0
BBX 8 14 1 0
BITMAP
08
18
00
FF
C0
C0
C0
C0
FF
C0
C0
C0
C0
FF
ENDCHAR
STARTCHAR 00CA
ENCODING 202
SWIDTH 654 0
DWIDTH 10 0
BBX 8 14 1 0
BITMAP
18
34
00
FF
C0
C0
C0
C0
FF
C0
C0
C0
C0
FF
ENDCHAR
STARTCHAR 00CB
ENCODING 203
SWIDTH 654 0
DWIDTH 10 0
BBX 8 13 1 0
BITMAP
34
00
FF
C0
C0
C0
C0
FF
C0
C0
C0
C0
FF
ENDCHAR
STARTCHAR 00CC
ENCODING 204
SWIDTH 261 0
DWIDTH 4 0
BBX 2 14 1 0
BITMAP
80
40
00
C0
C0
C0
C0
C0
C0
C0
C0
C0
C0
C0
ENDCHAR
STARTCHAR 00CD
ENCODING 205
SWIDTH 261 0
DWIDTH 4 0
BBX 2 14 1 0
BITMAP
40
C0
00
C0
C0
C0
C0
C0
C0
C0
C0
C0
C0
C0
ENDCHAR
STARTCHAR 00CE
ENCODING 206
SWIDTH 261 0
DWIDTH 4 0
BBX 4 14 0 0
BITMAP
60
F0
00
60
60
60
60
60
60
60
60
60
60
60
ENDCHAR
STARTCHAR 00CF
ENCODING 207
SWIDTH 261 0
DWIDTH 4 0
BBX 4 13 0 0
BITMAP
90
00
60
60
60
60
60
60
60
60
60
60
60
ENDCHAR
STARTCHAR 00D0
ENCODING 208
SWIDTH 720 0
DWIDTH 11 0
BBX 10 11 0 0
BITMAP
7F00
6180
6080
60C0
6040
FC40
6040
60C0
6080
6180
7F00
ENDCHAR
STARTCHAR 00D1
ENCODING 209
SWIDTH 720 0
DWIDTH 11 0
BBX 9 14 1 0
BITMAP
1A00
2600
0000
C180
C180
E180
D180
D180
C980
C980
C580
C380
C380
C180
ENDCHAR
STARTCHAR 00D2
ENCODING 210
SWIDTH 785 0
DWIDTH 12 0
BBX 10 14 1 0
BITMAP
1800
0800
0000
1E00
6180
C080
80C0
80C0
8040
80C0
80C0
C080
6180
1E00
ENDCHAR
STARTCHAR 00D3
ENCODING 211
SWIDTH 785 0
DWIDTH 12 0
BBX 10 14 1 0
BITMAP
0400
0800
0000
1E00
6180
C080
80C0
80C0
8040
80C0
80C0
C080
6180
1E00
ENDCHAR
STARTCHAR 00D4
ENCODING 212
SWIDTH 785 0
DWIDTH 12 0
BBX 10 14 1 0
BITMAP
0C00
1600
0000
1E00
6180
C080
80C0
80C0
8040
80C0
80C0
C080
6180
1E00
ENDCHAR
STARTCHAR 00D5
ENCODING 213
SWIDTH 785 0
DWIDTH 12 0
BBX 10 14 1 0
BITMAP
1A00
2600
0000
1E00
6180
C080
80C0
80C0
8040
80C0
80C0
C080
6180
1E00
ENDCHAR
STARTCHAR 00D6
ENCODING 214
SWIDTH 785 0
DWIDTH 12 0
BBX 10 13 1 0
BITMAP
1600
0000
1E00
6180
C080
80C0
80C0
8040
80C0
80C0
C080
6180
1E00
ENDCHAR
STARTCHAR 00D7
ENCODING 215
SWIDTH 589 0
DWIDTH 9 0
BBX 5 7 2 2
BITMAP
88
98
70
60
70
98
88
ENDCHAR
STARTCHAR 00D8
ENCODING 216
SWIDTH 785 0
DWIDTH 12 0
BBX 10 11 1 0
BITMAP
1E40
6180
C180
82C0
84C0
8CC0
98C0
90C0
E080
6180
BE00
ENDCHAR
STARTCHAR 00D9
ENCODING 217
SWIDTH 720 0
DWIDTH 11 0
BBX 9 14 1 0
BITMAP
1800
0800
0000
C180
C180
C180
C180
C180
C180
C180
C180
C100
6300
3E00
ENDCHAR
STARTCHAR 00DA
ENCODING 218
SWIDTH 720 0
DWIDTH 11 0
BBX 9 14 1 0
BITMAP
0C00
0800
0000
C180
C180
C180
C180
C180
C180
C180
C180
C100
6300
3E00
ENDCHAR
STARTCHAR 00DB
ENCODING 219
SWIDTH 720 0
DWIDTH 11 0
BBX 9 14 1 0
BITMAP
1800
3400
0000
C180
C180
C180
C180
C180
C180
C180
C180
C100
6300
3E00
ENDCHAR
STARTCHAR 00DC
ENCODING 220
SWIDTH 720 0
DWIDTH 11 0
BBX 9 13 1 0
BITMAP
3400
0000
C180
C180
C180
C180
C180
C180
C180
C180
C100
6300
3E00
ENDCHAR
STARTCHAR 00DD
ENCODING 221
SWIDTH 654 0
DWIDTH 10 0
BBX 10 14 0 0
BITMAP
0400
0C00
0000
C0C0
6180
2100
3300
1E00
0C00
0C00
0C00
0C00
0C00
0C00
ENDCHAR
STARTCHAR 00DE
ENCODING 222
SWIDTH 654 0
DWIDTH 10 0
BBX 8 11 1 0
BITMAP
C0
C0
FE
C3
C1
C1
C1
C3
FE
C0
C0
ENDCHAR
STARTCHAR 00DF
ENCODING 223
SWIDTH 589 0
DWIDTH 9 0
BBX 8 11 1 0
BITMAP
78
CC
C4
8C
88
88
84
82
83
B2
9E
ENDCHAR
STARTCHAR 00E0
ENCODING 224
SWIDTH 523 0
DWIDTH 8 0
BBX 7 11 1 0
BITMAP
20
10
00
7C
84
04
3C
E4
84
8C
F6
ENDCHAR
STARTCHAR 00E1
ENCODING 225
SWIDTH 523 0
DWIDTH 8 0
BBX 7 11 1 0
BITMAP
18
10
00
7C
84
04
3C
E4
84
8C
F6
ENDCHAR
STARTCHAR 00E2
ENCODING 226
SWIDTH 523 0
DWIDTH 8 0
BBX 7 11 1 0
BITMAP
30
68
00
7C
84
04
3C
E4
84
8C
F6
ENDCHAR
STARTCHAR 00E3
ENCODING 227
SWIDTH 523 0
DWIDTH 8 0
BBX 7 11 1 0
BITMAP
64
58
00
7C
84
04
3C
E4
84
8C
F6
ENDCHAR
STARTCHAR 00E4
ENCODING 228
SWIDTH 523 0
DWIDTH 8 0
BBX 7 10 1 0
BITMAP
48
00
7C
84
04
3C
E4
84
8C
F6
ENDCHAR
STARTCHAR 00E5
ENCODING 229
SWIDTH 523 0
DWIDTH 8 0
BBX 7 12 1 0
BITMAP
30
50
30
00
7C
84
04
3C
E4
84
8C
F6
ENDCHAR
STARTCHAR 00E6
ENCODING 230
SWIDTH 850 0
DWIDTH 13 0
BBX 12 8 1 0
BITMAP
7BC0
8620
0430
3FF0
E400
8430
8E20
F3C0
ENDCHAR
STARTCHAR 00E7
ENCODING 231
SWIDTH 523 0
DWIDTH 8 0
BBX 6 11 1 -3
BITMAP
78
C4
80
80
80
80
C4
78
20
10
70
ENDCHAR
STARTCHAR 00E8
ENCODING 232
SWIDTH 523 0
DWIDTH 8 0
BBX 7 11 1 0
BITMAP
20
10
00
78
C4
86
FE
80
80
C4
78
ENDCHAR
STARTCHAR 00E9
ENCODING 233
SWIDTH 523 0
DWIDTH 8 0
BBX 7 11 1 0
BITMAP
18
10
00
78
C4
86
FE
80
80
C4
78
ENDCHAR
STARTCHAR 00EA
ENCODING 234
SWIDTH 523 0
DWIDTH 8 0
BBX 7 11 1 0
BITMAP
30
68
00
78
C4
86
FE
80
80
C4
78
ENDCHAR
STARTCHAR 00EB
ENCODING 235
SWIDTH 523 0
DWIDTH 8 0
BBX 7 10 1 0
BITMAP
48
00
78
C4
86
FE
80
80
C4
78
ENDCHAR
STARTCHAR 00EC
ENCODING 236
SWIDTH 261 0
DWIDTH 4 0
BBX 2 11 1 0
BITMAP
80
40
00
C0
C0
C0
C0
C0
C0
C0
C0
ENDCHAR
STARTCHAR 00ED
ENCODING 237
SWIDTH 261 0
DWIDTH 4 0
BBX 3 11 1 0
BITMAP
60
40
00
C0
C0
C0
C0
C0
C0
C0
C0
ENDCHAR
STARTCHAR 00EE
ENCODING 238
SWIDTH 261 0
DWIDTH 4 0
BBX 4 11 0 0
BITMAP
60
D0
00
60
60
60
60
60
60
60
60
ENDCHAR
STARTCHAR 00EF
ENCODING 239
SWIDTH 261 0
DWIDTH 4 0
BBX 4 10 0 0
BITMAP
90
00
60
60
60
60
60
60
60
60
ENDCHAR
STARTCHAR 00F0
ENCODING 240
SWIDTH 523 0
DWIDTH 8 0
BBX 7 11 1 0
BITMAP
2C
30
48
7C
CC
86
86
86
86
CC
78
ENDCHAR
STARTCHAR 00F1
ENCODING 241
SWIDTH 523 0
DWIDTH 8 0
BBX 6 11 1 0
BITMAP
64
58
00
B8
C4
84
84
84
84
84
84
ENDCHAR
STARTCHAR 00F2
ENCODING 242
SWIDTH 523 0
DWIDTH 8 0
BBX 7 11 1 0
BITMAP
20
10
00
78
C4
86
86
86
86
C4
78
ENDCHAR
STARTCHAR 00F3
ENCODING 243
SWIDTH 523 0
DWIDTH 8 0
BBX 7 11 1 0
BITMAP
18
10
00
78
C4
86
86
86
86
C4
78
ENDCHAR
STARTCHAR 00F4
ENCODING 244
SWIDTH 523 0
DWIDTH 8 0
BBX 7 11 1 0
BITMAP
30
68
00
78
C4
86
86
86
86
C4
78
ENDCHAR
STARTCHAR 00F5
ENCODING 245
SWIDTH 523 0
DWIDTH 8 0
BBX 7 11 1 0
BITMAP
64
58
00
78
C4
86
86
86
86
C4
78
ENDCHAR
STARTCHAR 00F6
ENCODING 246
SWIDTH 523 0
DWIDTH 8 0
BBX 7 10 1 0
BITMAP
48
00
78
C4
86
86
86
86
C4
78
ENDCHAR
STARTCHAR 00F7
ENCODING 247
SWIDTH 523 0
DWIDTH 8 0
BBX 7 5 1 3
BITMAP
30
00
FE
00
30
ENDCHAR
STARTCHAR 00F8
ENCODING 248
SWIDTH 589 0
DWIDTH 9 0
BBX 7 8 1 0
BITMAP
3A
46
CA
8A
92
E2
46
BC
ENDCHAR
STARTCHAR 00F9
ENCODING 249
SWIDTH 523 0
DWIDTH 8 0
BBX 6 11 1 0
BITMAP
30
10
00
84
84
84
84
84
84
CC
74
ENDCHAR
STARTCHAR 00FA
ENCODING 250
SWIDTH 523 0
DWIDTH 8 0
BBX 6 11 1 0
BITMAP
18
10
00
84
84
84
84
84
84
CC
74
ENDCHAR
STARTCHAR 00FB
ENCODING 251
SWIDTH 523 0
DWIDTH 8 0
BBX 6 11 1 0
BITMAP
30
68
00
84
84
84
84
84
84
CC
74
ENDCHAR
STARTCHAR 00FC
ENCODING 252
SWIDTH 523 0
DWIDTH 8 0
BBX 6 10 1 0
BITMAP
48
00
84
84
84
84
84
84
CC
74
ENDCHAR
STARTCHAR 00FD
ENCODING 253
SWIDTH 523 0
DWIDTH 8 0
BBX 7 14 0 -3
BITMAP
08
18
00
C2
42
64
24
2C
38
18
18
10
10
60
ENDCHAR
STARTCHAR 00FE
ENCODING 254
SWIDTH 523 0
DWIDTH 8 0
BBX 7 14 1 -3
BITMAP
80
80
80
B8
C4
86
86
86
86
C4
B8
80
80
80
ENDCHAR
STARTCHAR 00FF
ENCODING 255
SWIDTH 523 0
DWIDTH 8 0
BBX 7 13 0 -3
BITMAP
2C
00
C2
42
64
24
2C
38
18
18
10
10
60
ENDCHAR
STARTCHAR 0100
ENCODING 256
SWIDTH 654 0
DWIDTH 10 0
BBX 10 13 0 0
BITMAP
1E00
0000
0C00
0C00
1E00
1200
3200
3300
2100
7F80
4180
4080
C0C0
ENDCHAR
STARTCHAR 0101
ENCODING 257
SWIDTH 523 0
DWIDTH 8 0
BBX 7 10 1 0
BITMAP
7C
00
7C
84
04
3C
E4
84
8C
F6
ENDCHAR
STARTCHAR 0102
ENCODING 258
SWIDTH 654 0
DWIDTH 10 0
BBX 10 14 0 0
BITMAP
1200
1C00
0000
0C00
0C00
1E00
1200
3200
3300
2100
7F80
4180
4080
C0C0
ENDCHAR
STARTCHAR 0103
ENCODING 259
SWIDTH 523 0
DWIDTH 8 0
BBX 7 11 1 0
BITMAP
48
38
00
7C
84
04
3C
E4
84
8C
F6
ENDCHAR
STARTCHAR 0104
ENCODING 260
SWIDTH 654 0
DWIDTH 10 0
BBX 11 14 0 -3
BITMAP
0C00
0C00
1E00
1200
3200
3300
2100
7F80
4180
4080
C0C0
0080
0080
00E0
ENDCHAR
STARTCHAR 0105
ENCODING 261
SWIDTH 523 0
DWIDTH 8 0
BBX 8 11 1 -3
BITMAP
7C
84
04
3C
E4
84
8C
F6
04
04
07
ENDCHAR
STARTCHAR 0106
ENCODING 262
SWIDTH 720 0
DWIDTH 11 0
BBX 9 14 1 0
BITMAP
0400
0800
0000
3E00
6300
C180
8000
8000
8000
8000
8080
C180
6300
3E00
ENDCHAR
STARTCHAR 0107
ENCODING 263
SWIDTH 523 0
DWIDTH 8 0
BBX 6 11 1 0
BITMAP
10
30
00
78
C4
80
80
80
80
C4
78
ENDCHAR
STARTCHAR 0108
ENCODING 264
SWIDTH 720 0
DWIDTH 11 0
BBX 9 14 1 0
BITMAP
0C00
1600
0000
3E00
6300
C180
8000
8000
8000
8000
8080
C180
6300
3E00
ENDCHAR
STARTCHAR 0109
ENCODING 265
SWIDTH 523 0
DWIDTH 8 0
BBX 6 11 1 0
BITMAP
30
68
00
78
C4
80
80
80
80
C4
78
ENDCHAR
STARTCHAR 010A
ENCODING 266
SWIDTH 720 0
DWIDTH 11 0
BBX 9 13 1 0
BITMAP
0800
0000
3E00
6300
C180
8000
8000
8000
8000
8080
C180
6300
3E00
ENDCHAR
STARTCHAR 010B
ENCODING 267
SWIDTH 523 0
DWIDTH 8 0
BBX 6 10 1 0
BITMAP
30
00
78
C4
80
80
80
80
C4
78
ENDCHAR
STARTCHAR 010C
ENCODING 268
SWIDTH 720 0
DWIDTH 11 0
BBX 9 14 1 0
BITMAP
1600
0C00
0000
3E00
6300
C180
8000
8000
8000
8000
8080
C180
6300
3E00
ENDCHAR
STARTCHAR 010D
ENCODING 269
SWIDTH 523 0
DWIDTH 8 0
BBX 6 11 1 0
BITMAP
68
30
00
78
C4
80
80
80
80
C4
78
ENDCHAR
STARTCHAR 010E
ENCODING 270
SWIDTH 720 0
DWIDTH 11 0
BBX 9 14 1 0
BITMAP
6800
3000
0000
FE00
C300
C100
C180
C080
C080
C080
C180
C100
C300
FE00
ENDCHAR
STARTCHAR 010F
ENCODING 271
SWIDTH 589 0
DWIDTH 9 0
BBX 8 11 1 0
BITMAP
05
05
05
74
CC
84
84
84
84
CC
7C
ENDCHAR
STARTCHAR 0110
ENCODING 272
SWIDTH 720 0
DWIDTH 11 0
BBX 10 11 0 0
BITMAP
7F00
6180
6080
60C0
6040
FC40
6040
60C0
6080
6180
7F00
ENDCHAR
STARTCHAR 0111
ENCODING 273
SWIDTH 523 0
DWIDTH 8 0
BBX 7 11 1 0
BITMAP
04
3E
04
74
CC
84
84
84
84
CC
74
ENDCHAR
STARTCHAR 0112
ENCODING 274
SWIDTH 654 0
DWIDTH 10 0
BBX 8 13 1 0
BITMAP
3E
00
FF
C0
C0
C0
C0
FF
C0
C0
C0
C0
FF
ENDCHAR
STARTCHAR 0113
ENCODING 275
SWIDTH 523 0
DWIDTH 8 0
BBX 7 10 1 0
BITMAP
78
00
78
C4
86
FE
80
80
C4
78
ENDCHAR
STARTCHAR 0114
ENCODING 276
SWIDTH 654 0
DWIDTH 10 0
BBX 8 14 1 0
BITMAP
24
1C
00
FF
C0
C0
C0
C0
FF
C0
C0
C0
C0
FF
ENDCHAR
STARTCHAR 0115
ENCODING 277
SWIDTH 523 0
DWIDTH 8 0
BBX 7 11 1 0
BITMAP
48
38
00
78
C4
86
FE
80
80
C4
78
ENDCHAR
STARTCHAR 0116
ENCODING 278
SWIDTH 654 0
DWIDTH 10 0
BBX 8 13 1 0
BITMAP
18
00
FF
C0
C0
C0
C0
FF
C0
C0
C0
C0
FF
ENDCHAR
STARTCHAR 0117
ENCODING 279
SWIDTH 523 0
DWIDTH 8 0
BBX 7 10 1 0
BITMAP
30
00
78
C4
86
FE
80
80
C4
78
ENDCHAR
STARTCHAR 0118
ENCODING 280
SWIDTH 654 0
DWIDTH 10 0
BBX 8 14 1 -3
BITMAP
FF
C0
C0
C0
C0
FF
C0
C0
C0
C0
FF
04
04
07
ENDCHAR
STARTCHAR 0119
ENCODING 281
SWIDTH 523 0
DWIDTH 8 0
BBX 7 11 1 -3
BITMAP
78
C4
86
FE
80
80
C4
78
10
10
1C
ENDCHAR
STARTCHAR 011A
ENCODING 282
SWIDTH 654 0
DWIDTH 10 0
BBX 8 14 1 0
BITMAP
2C
18
00
FF
C0
C0
C0
C0
FF
C0
C0
C0
C0
FF
ENDCHAR
STARTCHAR 011B
ENCODING 283
SWIDTH 523 0
DWIDTH 8 0
BBX 7 11 1 0
BITMAP
68
30
00
78
C4
86
FE
80
80
C4
78
ENDCHAR
STARTCHAR 011C
ENCODING 284
SWIDTH 785 0
DWIDTH 12 0
BBX 10 14 1 0
BITMAP
0C00
1A00
0000
1F00
6180
4080
C000
8000
87C0
80C0
C0C0
40C0
6180
1F00
ENDCHAR
STARTCHAR 011D
ENCODING 285
SWIDTH 523 0
DWIDTH 8 0
BBX 6 14 1 -3
BITMAP
30
78
00
7C
CC
84
84
84
84
CC
74
04
8C
78
ENDCHAR
STARTCHAR 011E
ENCODING 286
SWIDTH 785 0
DWIDTH 12 0
BBX 10 14 1 0
BITMAP
1200
0E00
0000
1F00
6180
4080
C000
8000
87C0
80C0
C0C0
40C0
6180
1F00
ENDCHAR
STARTCHAR 011F
ENCODING 287
SWIDTH 523 0
DWIDTH 8 0
BBX 6 14 1 -3
BITMAP
48
38
00
7C
CC
84
84
84
84
CC
74
04
8C
78
ENDCHAR
STARTCHAR 0120
ENCODING 288
SWIDTH 785 0
DWIDTH 12 0
BBX 10 13 1 0
BITMAP
0400
0000
1F00
6180
4080
C000
8000
87C0
80C0
C0C0
40C0
6180
1F00
ENDCHAR
STARTCHAR 0121
ENCODING 289
SWIDTH 523 0
DWIDTH 8 0
BBX 6 13 1 -3
BITMAP
30
00
7C
CC
84
84
84
84
CC
74
04
8C
78
ENDCHAR
STARTCHAR 0122
ENCODING 290
SWIDTH 785 0
DWIDTH 12 0
BBX 10 14 1 -3
BITMAP
1F00
6180
4080
C000
8000
87C0
80C0
C0C0
40C0
6180
1F00
0400
0200
0C00
ENDCHAR
STARTCHAR 0123
ENCODING 291
SWIDTH 523 0
DWIDTH 8 0
BBX 6 15 1 -3
BITMAP
10
20
30
00
7C
CC
84
84
84
84
CC
74
04
8C
78
ENDCHAR
STARTCHAR 0124
ENCODING 292
SWIDTH 720 0
DWIDTH 11 0
BBX 9 14 1 0
BITMAP
0C00
1600
0000
C180
C180
C180
C180
C180
FF80
C180
C180
C180
C180
C180
ENDCHAR
STARTCHAR 0125
ENCODING 293
SWIDTH 523 0
DWIDTH 8 0
BBX 6 14 1 0
BITMAP
18
2C
00
80
80
80
B8
C4
84
84
84
84
84
84
ENDCHAR
STARTCHAR 0126
ENCODING 294
SWIDTH 720 0
DWIDTH 11 0
BBX 11 11 0 0
BITMAP
60C0
60C0
FFE0
60C0
60C0
7FC0
60C0
60C0
60C0
60C0
60C0
ENDCHAR
STARTCHAR 0127
ENCODING 295
SWIDTH 523 0
DWIDTH 8 0
BBX 7 11 0 0
BITMAP
40
F8
40
5C
62
42
42
42
42
42
42
ENDCHAR
STARTCHAR 0128
ENCODING 296
SWIDTH 261 0
DWIDTH 4 0
BBX 4 14 0 0
BITMAP
D0
B0
00
60
60
60
60
60
60
60
60
60
60
60
ENDCHAR
STARTCHAR 0129
ENCODING 297
SWIDTH 261 0
DWIDTH 4 0
BBX 5 11 0 0
BITMAP
C8
B0
00
60
60
60
60
60
60
60
60
ENDCHAR
STARTCHAR 012A
ENCODING 298
SWIDTH 261 0
DWIDTH 4 0
BBX 4 13 0 0
BITMAP
F0
00
60
60
60
60
60
60
60
60
60
60
60
ENDCHAR
STARTCHAR 012B
ENCODING 299
SWIDTH 261 0
DWIDTH 4 0
BBX 4 10 0 0
BITMAP
F0
00
60
60
60
60
60
60
60
60
ENDCHAR
STARTCHAR 012C
ENCODING 300
SWIDTH 261 0
DWIDTH 4 0
BBX 4 14 0 0
BITMAP
90
70
00
60
60
60
60
60
60
60
60
60
60
60
ENDCHAR
STARTCHAR 012D
ENCODING 301
SWIDTH 261 0
DWIDTH 4 0
BBX 4 11 0 0
BITMAP
90
70
00
60
60
60
60
60
60
60
60
ENDCHAR
STARTCHAR 012E
ENCODING 302
SWIDTH 261 0
DWIDTH 4 0
BBX 3 14 1 -3
BITMAP
C0
C0
C0
C0
C0
C0
C0
C0
C0
C0
C0
80
80
60
ENDCHAR
STARTCHAR 012F
ENCODING 303
SWIDTH 196 0
DWIDTH 3 0
BBX 3 14 1 -3
BITMAP
80
00
00
80
80
80
80
80
80
80
80
80
80
E0
ENDCHAR
STARTCHAR 0130
ENCODING 304
SWIDTH 261 0
DWIDTH 4 0
BBX 2 13 1 0
BITMAP
C0
00
C0
C0
C0
C0
C0
C0
C0
C0
C0
C0
C0
ENDCHAR
STARTCHAR 0131
ENCODING 305
SWIDTH 261 0
DWIDTH 4 0
BBX 2 8 1 0
BITMAP
C0
C0
C0
C0
C0
C0
C0
C0
ENDCHAR
STARTCHAR 0132
ENCODING 306
SWIDTH 720 0
DWIDTH 11 0
BBX 9 11 1 0
BITMAP
C080
C080
C080
C080
C080
C080
C080
C080
D880
C980
CF00
ENDCHAR
STARTCHAR 0133
ENCODING 307
SWIDTH 458 0
DWIDTH 7 0
BBX 5 14 1 -3
BITMAP
98
00
00
98
98
98
98
98
98
98
98
18
18
30
ENDCHAR
STARTCHAR 0134
ENCODING 308
SWIDTH 523 0
DWIDTH 8 0
BBX 8 14 0 0
BITMAP
06
0B
00
04
04
04
04
04
04
04
04
C4
44
78
ENDCHAR
STARTCHAR 0135
ENCODING 309
SWIDTH 196 0
DWIDTH 3 0
BBX 5 14 -1 -3
BITMAP
30
58
00
20
20
20
20
20
20
20
20
20
20
E0
ENDCHAR
STARTCHAR 0136
ENCODING 310
SWIDTH 654 0
DWIDTH 10 0
BBX 9 15 1 -4
BITMAP
C300
C600
CC00
D800
F000
F800
CC00
C400
C600
C300
C180
0000
0C00
0400
1C00
ENDCHAR
STARTCHAR 0137
ENCODING 311
SWIDTH 523 0
DWIDTH 8 0
BBX 6 15 1 -4
BITMAP
80
80
80
8C
98
B0
F0
D0
98
88
8C
00
18
08
38
ENDCHAR
STARTCHAR 0138
ENCODING 312
SWIDTH 523 0
DWIDTH 8 0
BBX 6 8 1 0
BITMAP
8C
98
B0
F0
90
98
88
84
ENDCHAR
STARTCHAR 0139
ENCODING 313
SWIDTH 523 0
DWIDTH 8 0
BBX 7 14 1 0
BITMAP
30
60
00
C0
C0
C0
C0
C0
C0
C0
C0
C0
C0
FE
ENDCHAR
STARTCHAR 013A
ENCODING 314
SWIDTH 196 0
DWIDTH 3 0
BBX 2 14 1 0
BITMAP
C0
80
00
80
80
80
80
80
80
80
80
80
80
80
ENDCHAR
STARTCHAR 013B
ENCODING 315
SWIDTH 523 0
DWIDTH 8 0
BBX 7 15 1 -4
BITMAP
C0
C0
C0
C0
C0
C0
C0
C0
C0
C0
FE
00
18
08
38
ENDCHAR
STARTCHAR 013C
ENCODING 316
SWIDTH 196 0
DWIDTH 3 0
BBX 3 15 0 -4
BITMAP
40
40
40
40
40
40
40
40
40
40
40
00
60
20
E0
ENDCHAR
STARTCHAR 013D
ENCODING 317
SWIDTH 523 0
DWIDTH 8 0
BBX 7 11 1 0
BITMAP
CC
C4
C4
C8
C0
C0
C0
C0
C0
C0
FE
ENDCHAR
STARTCHAR 013E
ENCODING 318
SWIDTH 261 0
DWIDTH 4 0
BBX 3 11 1 0
BITMAP
A0
A0
A0
80
80
80
80
80
80
80
80
ENDCHAR
STARTCHAR 013F
ENCODING 319
SWIDTH 523 0
DWIDTH 8 0
BBX 7 11 1 0
BITMAP
C0
C0
C0
C0
C0
CC
C0
C0
C0
C0
FE
ENDCHAR
STARTCHAR 0140
ENCODING 320
SWIDTH 327 0
DWIDTH 5 0
BBX 4 11 1 0
BITMAP
80
80
80
80
80
B0
80
80
80
80
80
ENDCHAR
STARTCHAR 0141
ENCODING 321
SWIDTH 523 0
DWIDTH 8 0
BBX 8 11 0 0
BITMAP
40
40
40
48
70
40
C0
40
40
40
7F
ENDCHAR
STARTCHAR 0142
ENCODING 322
SWIDTH 196 0
DWIDTH 3 0
BBX 3 11 0 0
BITMAP
40
40
40
40
60
40
C0
40
40
40
40
ENDCHAR
STARTCHAR 0143
ENCODING 323
SWIDTH 720 0
DWIDTH 11 0
BBX 9 14 1 0
BITMAP
0800
1800
0000
C180
C180
E180
D180
D180
C980
C980
C580
C380
C380
C180
ENDCHAR
STARTCHAR 0144
ENCODING 324
SWIDTH 523 0
DWIDTH 8 0
BBX 6 11 1 0
BITMAP
18
10
00
B8
C4
84
84
84
84
84
84
ENDCHAR
STARTCHAR 0145
ENCODING 325
SWIDTH 720 0
DWIDTH 11 0
BBX 9 15 1 -4
BITMAP
C180
C180
E180
D180
D180
C980
C980
C580
C380
C380
C180
0000
0C00
0600
1C00
ENDCHAR
STARTCHAR 0146
ENCODING 326
SWIDTH 523 0
DWIDTH 8 0
BBX 6 12 1 -4
BITMAP
B8
C4
84
84
84
84
84
84
00
30
08
30
ENDCHAR
STARTCHAR 0147
ENCODING 327
SWIDTH 720 0
DWIDTH 11 0
BBX 9 14 1 0
BITMAP
3400
1800
0000
C180
C180
E180
D180
D180
C980
C980
C580
C380
C380
C180
ENDCHAR
STARTCHAR 0148
ENCODING 328
SWIDTH 523 0
DWIDTH 8 0
BBX 6 11 1 0
BITMAP
68
30
00
B8
C4
84
84
84
84
84
84
ENDCHAR
STARTCHAR 0149
ENCODING 329
SWIDTH 589 0
DWIDTH 9 0
BBX 8 11 0 0
BITMAP
80
80
80
AE
33
21
21
21
21
21
21
ENDCHAR
STARTCHAR 014A
ENCODING 330
SWIDTH 720 0
DWIDTH 11 0
BBX 9 11 1 0
BITMAP
DE00
E300
C180
C180
C080
C080
C080
C180
C180
C100
CE00
ENDCHAR
STARTCHAR 014B
ENCODING 331
SWIDTH 523 0
DWIDTH 8 0
BBX 6 11 1 -3
BITMAP
B8
C4
84
84
84
84
84
84
04
04
1C
ENDCHAR
STARTCHAR 014C
ENCODING 332
SWIDTH 785 0
DWIDTH 12 0
BBX 10 13 1 0
BITMAP
1E00
0000
1E00
6180
C080
80C0
80C0
8040
80C0
80C0
C080
6180
1E00
ENDCHAR
STARTCHAR 014D
ENCODING 333
SWIDTH 523 0
DWIDTH 8 0
BBX 7 10 1 0
BITMAP
7C
00
78
C4
86
86
86
86
C4
78
ENDCHAR
STARTCHAR 014E
ENCODING 334
SWIDTH 785 0
DWIDTH 12 0
BBX 10 14 1 0
BITMAP
1200
0C00
0000
1E00
6180
C080
80C0
80C0
8040
80C0
80C0
C080
6180
1E00
ENDCHAR
STARTCHAR 014F
ENCODING 335
SWIDTH 523 0
DWIDTH 8 0
BBX 7 11 1 0
BITMAP
48
38
00
78
C4
86
86
86
86
C4
78
ENDCHAR
STARTCHAR 0150
ENCODING 336
SWIDTH 785 0
DWIDTH 12 0
BBX 10 14 1 0
BITMAP
1A00
1600
0000
1E00
6180
C080
80C0
80C0
8040
80C0
80C0
C080
6180
1E00
ENDCHAR
STARTCHAR 0151
ENCODING 337
SWIDTH 523 0
DWIDTH 8 0
BBX 7 11 1 0
BITMAP
2C
68
00
78
C4
86
86
86
86
C4
78
ENDCHAR
STARTCHAR 0152
ENCODING 338
SWIDTH 981 0
DWIDTH 15 0
BBX 14 11 1 0
BITMAP
3DF8
6380
C180
C180
8180
81F8
8180
C180
C180
6380
3DFC
ENDCHAR
STARTCHAR 0153
ENCODING 339
SWIDTH 916 0
DWIDTH 14 0
BBX 13 8 1 0
BITMAP
79E0
C710
8610
87F8
8600
8610
C730
79E0
ENDCHAR
STARTCHAR 0154
ENCODING 340
SWIDTH 720 0
DWIDTH 11 0
BBX 9 14 1 0
BITMAP
1800
1000
0000
FF00
C100
C180
C180
C100
FE00
C400
C200
C300
C180
C080
ENDCHAR
STARTCHAR 0155
ENCODING 341
SWIDTH 327 0
DWIDTH 5 0
BBX 4 11 1 0
BITMAP
60
40
00
B0
C0
80
80
80
80
80
80
ENDCHAR
STARTCHAR 0156
ENCODING 342
SWIDTH 720 0
DWIDTH 11 0
BBX 9 15 1 -4
BITMAP
FF00
C100
C180
C180
C100
FE00
C400
C200
C300
C180
C080
0000
0C00
0600
1C00
ENDCHAR
STARTCHAR 0157
ENCODING 343
SWIDTH 327 0
DWIDTH 5 0
BBX 4 12 1 -4
BITMAP
B0
C0
80
80
80
80
80
80
00
60
20
E0
ENDCHAR
STARTCHAR 0158
ENCODING 344
SWIDTH 720 0
DWIDTH 11 0
BBX 9 14 1 0
BITMAP
2C00
1800
0000
FF00
C100
C180
C180
C100
FE00
C400
C200
C300
C180
C080
ENDCHAR
STARTCHAR 0159
ENCODING 345
SWIDTH 327 0
DWIDTH 5 0
BBX 4 11 1 0
BITMAP
B0
60
00
B0
C0
80
80
80
80
80
80
ENDCHAR
STARTCHAR 015A
ENCODING 346
SWIDTH 654 0
DWIDTH 10 0
BBX 8 14 1 0
BITMAP
18
10
00
3C
C2
83
C0
70
3E
03
01
81
C3
7C
ENDCHAR
STARTCHAR 015B
ENCODING 347
SWIDTH 523 0
DWIDTH 8 0
BBX 6 11 1 0
BITMAP
10
20
00
78
88
80
F0
1C
04
8C
F8
ENDCHAR
STARTCHAR 015C
ENCODING 348
SWIDTH 654 0
DWIDTH 10 0
BBX 8 14 1 0
BITMAP
18
3C
00
3C
C2
83
C0
70
3E
03
01
81
C3
7C
ENDCHAR
STARTCHAR 015D
ENCODING 349
SWIDTH 523 0
DWIDTH 8 0
BBX 6 11 1 0
BITMAP
30
58
00
78
88
80
F0
1C
04
8C
F8
ENDCHAR
STARTCHAR 015E
ENCODING 350
SWIDTH 654 0
DWIDTH 10 0
BBX 8 14 1 -3
BITMAP
3C
C2
83
C0
70
3E
03
01
81
C3
7C
10
08
38
ENDCHAR
STARTCHAR 015F
ENCODING 351
SWIDTH 523 0
DWIDTH 8 0
BBX 6 11 1 -3
BITMAP
78
88
80
F0
1C
04
8C
F8
20
10
70
ENDCHAR
STARTCHAR 0160
ENCODING 352
SWIDTH 654 0
DWIDTH 10 0
BBX 8 14 1 0
BITMAP
2C
18
00
3C
C2
83
C0
70
3E
03
01
81
C3
7C
ENDCHAR
STARTCHAR 0161
ENCODING 353
SWIDTH 523 0
DWIDTH 8 0
BBX 6 11 1 0
BITMAP
58
30
00
78
88
80
F0
1C
04
8C
F8
ENDCHAR
STARTCHAR 0162
ENCODING 354
SWIDTH 589 0
DWIDTH 9 0
BBX 9 15 0 -4
BITMAP
FF80
0800
0800
0800
0800
0800
0800
0800
0800
0800
0800
0000
0800
0800
0800
ENDCHAR
STARTCHAR 0163
ENCODING 355
SWIDTH 261 0
DWIDTH 4 0
BBX 4 15 0 -4
BITMAP
20
60
60
F0
60
60
60
60
60
60
30
00
20
20
20
ENDCHAR
STARTCHAR 0164
ENCODING 356
SWIDTH 589 0
DWIDTH 9 0
BBX 9 14 0 0
BITMAP
1400
1C00
0000
FF80
0800
0800
0800
0800
0800
0800
0800
0800
0800
0800
ENDCHAR
STARTCHAR 0165
ENCODING 357
SWIDTH 392 0
DWIDTH 6 0
BBX 6 11 0 0
BITMAP
2C
64
68
F0
60
60
60
60
60
60
30
ENDCHAR
STARTCHAR 0166
ENCODING 358
SWIDTH 589 0
DWIDTH 9 0
BBX 9 11 0 0
BITMAP
FF80
0800
0800
0800
0800
7F00
0800
0800
0800
0800
0800
ENDCHAR
STARTCHAR 0167
ENCODING 359
SWIDTH 261 0
DWIDTH 4 0
BBX 4 10 0 1
BITMAP
40
40
F0
40
40
F0
40
40
40
70
ENDCHAR
STARTCHAR 0168
ENCODING 360
SWIDTH 720 0
DWIDTH 11 0
BBX 9 14 1 0
BITMAP
1A00
2600
0000
C180
C180
C180
C180
C180
C180
C180
C180
C100
6300
3E00
ENDCHAR
STARTCHAR 0169
ENCODING 361
SWIDTH 523 0
DWIDTH 8 0
BBX 6 11 1 0
BITMAP
64
58
00
84
84
84
84
84
84
CC
74
ENDCHAR
STARTCHAR 016A
ENCODING 362
SWIDTH 720 0
DWIDTH 11 0
BBX 9 13 1 0
BITMAP
3E00
0000
C180
C180
C180
C180
C180
C180
C180
C180
C100
6300
3E00
ENDCHAR
STARTCHAR 016B
ENCODING 363
SWIDTH 523 0
DWIDTH 8 0
BBX 6 10 1 0
BITMAP
7C
00
84
84
84
84
84
84
CC
74
ENDCHAR
STARTCHAR 016C
ENCODING 364
SWIDTH 720 0
DWIDTH 11 0
BBX 9 14 1 0
BITMAP
2200
1C00
0000
C180
C180
C180
C180
C180
C180
C180
C180
C100
6300
3E00
ENDCHAR
STARTCHAR 016D
ENCODING 365
SWIDTH 523 0
DWIDTH 8 0
BBX 6 11 1 0
BITMAP
48
38
00
84
84
84
84
84
84
CC
74
ENDCHAR
STARTCHAR 016E
ENCODING 366
SWIDTH 720 0
DWIDTH 11 0
BBX 9 15 1 0
BITMAP
1800
1400
1800
0000
C180
C180
C180
C180
C180
C180
C180
C180
C100
6300
3E00
ENDCHAR
STARTCHAR 016F
ENCODING 367
SWIDTH 523 0
DWIDTH 8 0
BBX 6 12 1 0
BITMAP
30
50
30
00
84
84
84
84
84
84
CC
74
ENDCHAR
STARTCHAR 0170
ENCODING 368
SWIDTH 720 0
DWIDTH 11 0
BBX 9 14 1 0
BITMAP
1A00
1400
0000
C180
C180
C180
C180
C180
C180
C180
C180
C100
6300
3E00
ENDCHAR
STARTCHAR 0171
ENCODING 369
SWIDTH 523 0
DWIDTH 8 0
BBX 6 11 1 0
BITMAP
6C
48
00
84
84
84
84
84
84
CC
74
ENDCHAR
STARTCHAR 0172
ENCODING 370
SWIDTH 720 0
DWIDTH 11 0
BBX 9 14 1 -3
BITMAP
C180
C180
C180
C180
C180
C180
C180
C180
C100
6300
3E00
0800
0800
0E00
ENDCHAR
STARTCHAR 0173
ENCODING 371
SWIDTH 523 0
DWIDTH 8 0
BBX 8 11 1 -3
BITMAP
84
84
84
84
84
84
CC
74
04
04
07
ENDCHAR
STARTCHAR 0174
ENCODING 372
SWIDTH 916 0
DWIDTH 14 0
BBX 14 14 0 0
BITMAP
0300
0780
0000
C30C
430C
4388
4688
6488
2498
2CD0
2850
3850
1860
1820
ENDCHAR
STARTCHAR 0175
ENCODING 373
SWIDTH 720 0
DWIDTH 11 0
BBX 11 11 0 0
BITMAP
0E00
0A00
0000
C460
CC40
4A40
4AC0
6A80
3280
3180
3100
ENDCHAR
STARTCHAR 0176
ENCODING 374
SWIDTH 654 0
DWIDTH 10 0
BBX 10 14 0 0
BITMAP
0C00
1A00
0000
C0C0
6180
2100
3300
1E00
0C00
0C00
0C00
0C00
0C00
0C00
ENDCHAR
STARTCHAR 0177
ENCODING 375
SWIDTH 523 0
DWIDTH 8 0
BBX 7 14 0 -3
BITMAP
18
3C
00
C2
42
64
24
2C
38
18
18
10
10
60
ENDCHAR
STARTCHAR 0178
ENCODING 376
SWIDTH 654 0
DWIDTH 10 0
BBX 10 13 0 0
BITMAP
1200
0000
C0C0
6180
2100
3300
1E00
0C00
0C00
0C00
0C00
0C00
0C00
ENDCHAR
STARTCHAR 0179
ENCODING 377
SWIDTH 589 0
DWIDTH 9 0
BBX 9 14 0 0
BITMAP
0C00
0800
0000
7F80
0100
0200
0600
0C00
0800
1000
3000
6000
4000
FF80
ENDCHAR
STARTCHAR 017A
ENCODING 378
SWIDTH 523 0
DWIDTH 8 0
BBX 7 11 0 0
BITMAP
08
10
00
7E
04
0C
18
30
20
40
FE
ENDCHAR
STARTCHAR 017B
ENCODING 379
SWIDTH 589 0
DWIDTH 9 0
BBX 9 13 0 0
BITMAP
0C00
0000
7F80
0100
0200
0600
0C00
0800
1000
3000
6000
4000
FF80
ENDCHAR
STARTCHAR 017C
ENCODING 380
SWIDTH 523 0
DWIDTH 8 0
BBX 7 10 0 0
BITMAP
18
00
7E
04
0C
18
30
20
40
FE
ENDCHAR
STARTCHAR 017D
ENCODING 381
SWIDTH 589 0
DWIDTH 9 0
BBX 9 14 0 0
BITMAP
1600
1C00
0000
7F80
0100
0200
0600
0C00
0800
1000
3000
6000
4000
FF80
ENDCHAR
STARTCHAR 017E
ENCODING 382
SWIDTH 523 0
DWIDTH 8 0
BBX 7 11 0 0
BITMAP
3C
18
00
7E
04
0C
18
30
20
40
FE
ENDCHAR
STARTCHAR 017F
ENCODING 383
SWIDTH 196 0
DWIDTH 3 0
BBX 3 11 1 0
BITMAP
60
80
80
80
80
80
80
80
80
80
80
ENDCHAR
STARTCHAR 018F
ENCODING 399
SWIDTH 720 0
DWIDTH 11 0
BBX 10 11 1 0
BITMAP
3E00
6300
C180
0080
00C0
FFC0
80C0
8080
C180
6300
3E00
ENDCHAR
STARTCHAR 0192
ENCODING 402
SWIDTH 523 0
DWIDTH 8 0
BBX 8 14 0 -3
BITMAP
07
0C
0C
1E
08
08
08
18
18
10
10
10
30
E0
ENDCHAR
STARTCHAR 01A0
ENCODING 416
SWIDTH 850 0
DWIDTH 13 0
BBX 12 11 1 0
BITMAP
1E30
6190
C0A0
80E0
80C0
8040
80C0
80C0
C080
6180
1E00
ENDCHAR
STARTCHAR 01A1
ENCODING 417
SWIDTH 654 0
DWIDTH 10 0
BBX 8 8 1 0
BITMAP
79
C5
87
86
86
86
C4
78
ENDCHAR
STARTCHAR 01AF
ENCODING 431
SWIDTH 850 0
DWIDTH 13 0
BBX 11 11 1 0
BITMAP
C1A0
C1A0
C1A0
C1C0
C180
C180
C180
C180
C100
6300
3E00
ENDCHAR
STARTCHAR 01B0
ENCODING 432
SWIDTH 654 0
DWIDTH 10 0
BBX 9 8 1 0
BITMAP
8580
8480
8500
8700
8400
8400
CC00
7400
ENDCHAR
STARTCHAR 01CD
ENCODING 461
SWIDTH 654 0
DWIDTH 10 0
BBX 10 14 0 0
BITMAP
1600
0C00
0000
0C00
0C00
1E00
1200
3200
3300
2100
7F80
4180
4080
C0C0
ENDCHAR
STARTCHAR 01CE
ENCODING 462
SWIDTH 523 0
DWIDTH 8 0
BBX 7 11 1 0
BITMAP
68
30
00
7C
84
04
3C
E4
84
8C
F6
ENDCHAR
STARTCHAR 01CF
ENCODING 463
SWIDTH 261 0
DWIDTH 4 0
BBX 4 14 0 0
BITMAP
D0
60
00
60
60
60
60
60
60
60
60
60
60
60
ENDCHAR
STARTCHAR 01D0
ENCODING 464
SWIDTH 196 0
DWIDTH 3 0
BBX 4 11 0 0
BITMAP
B0
60
00
40
40
40
40
40
40
40
40
ENDCHAR
STARTCHAR 01D1
ENCODING 465
SWIDTH 785 0
DWIDTH 12 0
BBX 10 14 1 0
BITMAP
1E00
0C00
0000
1E00
6180
C080
80C0
80C0
8040
80C0
80C0
C080
6180
1E00
ENDCHAR
STARTCHAR 01D2
ENCODING 466
SWIDTH 523 0
DWIDTH 8 0
BBX 7 11 1 0
BITMAP
68
30
00
78
C4
86
86
86
86
C4
78
ENDCHAR
STARTCHAR 01D3
ENCODING 467
SWIDTH 720 0
DWIDTH 11 0
BBX 9 14 1 0
BITMAP
1400
1C00
0000
C180
C180
C180
C180
C180
C180
C180
C180
C100
6300
3E00
ENDCHAR
STARTCHAR 01D4
ENCODING 468
SWIDTH 523 0
DWIDTH 8 0
BBX 6 11 1 0
BITMAP
68
30
00
84
84
84
84
84
84
CC
74
ENDCHAR
STARTCHAR 01D5
ENCODING 469
SWIDTH 720 0
DWIDTH 11 0
BBX 9 14 1 0
BITMAP
1C00
0000
1400
C180
C180
C180
C180
C180
C180
C180
C180
C100
6300
3E00
ENDCHAR
STARTCHAR 01D6
ENCODING 470
SWIDTH 523 0
DWIDTH 8 0
BBX 6 13 1 0
BITMAP
78
00
00
48
00
84
84
84
84
84
84
CC
74
ENDCHAR
STARTCHAR 01D7
ENCODING 471
SWIDTH 720 0
DWIDTH 11 0
BBX 9 14 1 0
BITMAP
0C00
0800
1400
C180
C180
C180
C180
C180
C180
C180
C180
C100
6300
3E00
ENDCHAR
STARTCHAR 01D8
ENCODING 472
SWIDTH 523 0
DWIDTH 8 0
BBX 6 13 1 0
BITMAP
18
10
00
48
00
84
84
84
84
84
84
CC
74
ENDCHAR
STARTCHAR 01D9
ENCODING 473
SWIDTH 720 0
DWIDTH 11 0
BBX 9 14 1 0
BITMAP
1400
0800
1400
C180
C180
C180
C180
C180
C180
C180
C180
C100
6300
3E00
ENDCHAR
STARTCHAR 01DA
ENCODING 474
SWIDTH 523 0
DWIDTH 8 0
BBX 6 13 1 0
BITMAP
68
30
00
48
00
84
84
84
84
84
84
CC
74
ENDCHAR
STARTCHAR 01DB
ENCODING 475
SWIDTH 720 0
DWIDTH 11 0
BBX 9 14 1 0
BITMAP
1800
0800
1400
C180
C180
C180
C180
C180
C180
C180
C180
C100
6300
3E00
ENDCHAR
STARTCHAR 01DC
ENCODING 476
SWIDTH 523 0
DWIDTH 8 0
BBX 6 13 1 0
BITMAP
20
30
00
48
00
84
84
84
84
84
84
CC
74
ENDCHAR
STARTCHAR 01FA
ENCODING 506
SWIDTH 654 0
DWIDTH 10 0
BBX 10 16 0 0
BITMAP
0400
0C00
0000
0C00
1400
0C00
0C00
1E00
1200
3200
3300
2100
7F80
4180
4080
C0C0
ENDCHAR
STARTCHAR 01FB
ENCODING 507
SWIDTH 523 0
DWIDTH 8 0
BBX 7 15 1 0
BITMAP
18
10
00
30
50
30
00
7C
84
04
3C
E4
84
8C
F6
ENDCHAR
STARTCHAR 01FC
ENCODING 508
SWIDTH 981 0
DWIDTH 15 0
BBX 14 14 0 0
BITMAP
0180
0100
0000
07FC
0D80
0980
0980
1980
11FC
3180
3F80
6180
4180
C1FC
ENDCHAR
STARTCHAR 01FD
ENCODING 509
SWIDTH 850 0
DWIDTH 13 0
BBX 12 11 1 0
BITMAP
0200
0600
0000
7BC0
8620
0430
3FF0
E400
8430
8E20
F3C0
ENDCHAR
STARTCHAR 01FE
ENCODING 510
SWIDTH 785 0
DWIDTH 12 0
BBX 10 14 1 0
BITMAP
0400
0800
0000
1E40
6180
C180
82C0
84C0
8CC0
98C0
90C0
E080
6180
BE00
ENDCHAR
STARTCHAR 01FF
ENCODING 511
SWIDTH 589 0
DWIDTH 9 0
BBX 7 11 1 0
BITMAP
08
10
00
3A
46
CA
8A
92
E2
46
BC
ENDCHAR
STARTCHAR 0259
ENCODING 601
SWIDTH 523 0
DWIDTH 8 0
BBX 7 8 1 0
BITMAP
78
CC
86
06
FE
86
C4
78
ENDCHAR
STARTCHAR 02C6
ENCODING 710
SWIDTH 327 0
DWIDTH 5 0
BBX 3 2 1 9
BITMAP
E0
A0
ENDCHAR
STARTCHAR 02C7
ENCODING 711
SWIDTH 327 0
DWIDTH 5 0
BBX 4 2 1 9
BITMAP
B0
E0
ENDCHAR
STARTCHAR 02C9
ENCODING 713
SWIDTH 327 0
DWIDTH 5 0
BBX 5 1 0 9
BITMAP
F8
ENDCHAR
STARTCHAR 02D8
ENCODING 728
SWIDTH 327 0
DWIDTH 5 0
BBX 5 2 0 9
BITMAP
88
70
ENDCHAR
STARTCHAR 02D9
ENCODING 729
SWIDTH 327 0
DWIDTH 5 0
BBX 1 1 2 9
BITMAP
80
ENDCHAR
STARTCHAR 02DA
ENCODING 730
SWIDTH 327 0
DWIDTH 5 0
BBX 3 3 1 8
BITMAP
40
A0
40
ENDCHAR
STARTCHAR 02DB
ENCODING 731
SWIDTH 327 0
DWIDTH 5 0
BBX 4 3 1 -3
BITMAP
80
80
70
ENDCHAR
STARTCHAR 02DC
ENCODING 732
SWIDTH 327 0
DWIDTH 5 0
BBX 5 2 0 9
BITMAP
68
B8
ENDCHAR
STARTCHAR 02DD
ENCODING 733
SWIDTH 327 0
DWIDTH 5 0
BBX 4 2 1 9
BITMAP
D0
A0
ENDCHAR
STARTCHAR 0300
ENCODING 768
SWIDTH 0 0
DWIDTH 0 0
BBX 2 2 -3 12
BITMAP
80
C0
ENDCHAR
STARTCHAR 0301
ENCODING 769
SWIDTH 0 0
DWIDTH 0 0
BBX 3 2 -3 12
BITMAP
60
C0
ENDCHAR
STARTCHAR 0303
ENCODING 771
SWIDTH 0 0
DWIDTH 0 0
BBX 5 2 -7 12
BITMAP
68
98
ENDCHAR
STARTCHAR 0309
ENCODING 777
SWIDTH 0 0
DWIDTH 0 0
BBX 3 2 -3 12
BITMAP
E0
80
ENDCHAR
STARTCHAR 0323
ENCODING 803
SWIDTH 0 0
DWIDTH 0 0
BBX 2 1 -6 -2
BITMAP
C0
ENDCHAR
STARTCHAR 037E
ENCODING 894
SWIDTH 261 0
DWIDTH 4 0
BBX 2 11 1 -3
BITMAP
C0
00
00
00
00
00
00
C0
40
40
80
ENDCHAR
STARTCHAR 0384
ENCODING 900
SWIDTH 327 0
DWIDTH 5 0
BBX 2 2 2 9
BITMAP
C0
80
ENDCHAR
STARTCHAR 0385
ENCODING 901
SWIDTH 327 0
DWIDTH 5 0
BBX 5 2 0 9
BITMAP
30
A8
ENDCHAR
STARTCHAR 0386
ENCODING 902
SWIDTH 654 0
DWIDTH 10 0
BBX 10 11 0 0
BITMAP
6C00
4C00
1E00
1200
3200
3300
2100
7F80
4180
4080
C0C0
ENDCHAR
STARTCHAR 0387
ENCODING 903
SWIDTH 261 0
DWIDTH 4 0
BBX 2 1 1 7
BITMAP
C0
ENDCHAR
STARTCHAR 0388
ENCODING 904
SWIDTH 785 0
DWIDTH 12 0
BBX 11 11 0 0
BITMAP
DFE0
9000
1000
1000
1000
1FC0
1000
1000
1000
1000
1FE0
ENDCHAR
STARTCHAR 0389
ENCODING 905
SWIDTH 850 0
DWIDTH 13 0
BBX 11 11 0 0
BITMAP
D020
9020
1020
1020
1020
1FE0
1020
1020
1020
1020
1020
ENDCHAR
STARTCHAR 038A
ENCODING 906
SWIDTH 392 0
DWIDTH 6 0
BBX 4 11 0 0
BITMAP
D0
90
10
10
10
10
10
10
10
10
10
ENDCHAR
STARTCHAR 038C
ENCODING 908
SWIDTH 785 0
DWIDTH 12 0
BBX 11 11 0 0
BITMAP
DF00
B080
6040
4060
4060
4060
4060
4060
6040
3080
1F00
ENDCHAR
STARTCHAR 038E
ENCODING 910
SWIDTH 850 0
DWIDTH 13 0
BBX 12 11 0 0
BITMAP
D810
8830
0460
0640
0280
0180
0100
0100
0100
0100
0100
ENDCHAR
STARTCHAR 038F
ENCODING 911
SWIDTH 720 0
DWIDTH 11 0
BBX 11 11 0 0
BITMAP
DF00
B180
20C0
6040
4040
4040
4040
6040
20C0
1180
7BE0
ENDCHAR
STARTCHAR 0390
ENCODING 912
SWIDTH 196 0
DWIDTH 3 0
BBX 5 11 -1 0
BITMAP
30
A8
00
20
20
20
20
20
20
20
20
ENDCHAR
STARTCHAR 0391
ENCODING 913
SWIDTH 654 0
DWIDTH 10 0
BBX 10 11 0 0
BITMAP
0C00
0C00
1E00
1200
3200
3300
2100
7F80
4180
4080
C0C0
ENDCHAR
STARTCHAR 0392
ENCODING 914
SWIDTH 654 0
DWIDTH 10 0
BBX 8 11 1 0
BITMAP
FC
C2
C3
C3
C2
FE
C3
C1
C1
C3
FE
ENDCHAR
STARTCHAR 0393
ENCODING 915
SWIDTH 523 0
DWIDTH 8 0
BBX 7 11 1 0
BITMAP
FE
C0
C0
C0
C0
C0
C0
C0
C0
C0
C0
ENDCHAR
STARTCHAR 0394
ENCODING 916
SWIDTH 654 0
DWIDTH 10 0
BBX 10 11 0 0
BITMAP
0C00
0C00
1E00
1200
3200
3300
2100
6180
4180
4080
FFC0
ENDCHAR
STARTCHAR 0395
ENCODING 917
SWIDTH 654 0
DWIDTH 10 0
BBX 8 11 1 0
BITMAP
FF
C0
C0
C0
C0
FF
C0
C0
C0
C0
FF
ENDCHAR
STARTCHAR 0396
ENCODING 918
SWIDTH 589 0
DWIDTH 9 0
BBX 9 11 0 0
BITMAP
7F80
0100
0200
0600
0C00
0800
1000
3000
6000
4000
FF80
ENDCHAR
STARTCHAR 0397
ENCODING 919
SWIDTH 720 0
DWIDTH 11 0
BBX 9 11 1 0
BITMAP
C180
C180
C180
C180
C180
FF80
C180
C180
C180
C180
C180
ENDCHAR
STARTCHAR 0398
ENCODING 920
SWIDTH 785 0
DWIDTH 12 0
BBX 10 11 1 0
BITMAP
1E00
6180
C080
80C0
80C0
9EC0
80C0
80C0
C080
6180
1E00
ENDCHAR
STARTCHAR 0399
ENCODING 921
SWIDTH 261 0
DWIDTH 4 0
BBX 2 11 1 0
BITMAP
C0
C0
C0
C0
C0
C0
C0
C0
C0
C0
C0
ENDCHAR
STARTCHAR 039A
ENCODING 922
SWIDTH 654 0
DWIDTH 10 0
BBX 9 11 1 0
BITMAP
C300
C600
CC00
D800
F000
F800
CC00
C400
C600
C300
C180
ENDCHAR
STARTCHAR 039B
ENCODING 923
SWIDTH 654 0
DWIDTH 10 0
BBX 10 11 0 0
BITMAP
0C00
0C00
1E00
1200
1200
3300
2100
6180
4180
4080
C0C0
ENDCHAR
STARTCHAR 039C
ENCODING 924
SWIDTH 850 0
DWIDTH 13 0
BBX 10 11 1 0
BITMAP
C0C0
A0C0
A0C0
A140
9140
9140
9240
8A40
8A40
8C40
8C40
ENDCHAR
STARTCHAR 039D
ENCODING 925
SWIDTH 720 0
DWIDTH 11 0
BBX 9 11 1 0
BITMAP
C180
C180
E180
D180
D180
C980
C980
C580
C380
C380
C180
ENDCHAR
STARTCHAR 039E
ENCODING 926
SWIDTH 654 0
DWIDTH 10 0
BBX 8 11 1 0
BITMAP
FF
00
00
00
00
7E
00
00
00
00
FF
ENDCHAR
STARTCHAR 039F
ENCODING 927
SWIDTH 785 0
DWIDTH 12 0
BBX 10 11 1 0
BITMAP
1E00
6180
C080
80C0
80C0
8040
80C0
80C0
C080
6180
1E00
ENDCHAR
STARTCHAR 03A0
ENCODING 928
SWIDTH 720 0
DWIDTH 11 0
BBX 9 11 1 0
BITMAP
FF80
C180
C180
C180
C180
C180
C180
C180
C180
C180
C180
ENDCHAR
STARTCHAR 03A1
ENCODING 929
SWIDTH 654 0
DWIDTH 10 0
BBX 8 11 1 0
BITMAP
FE
C3
C1
C1
C3
FE
C0
C0
C0
C0
C0
ENDCHAR
STARTCHAR 03A3
ENCODING 931
SWIDTH 589 0
DWIDTH 9 0
BBX 8 11 1 0
BITMAP
FE
C0
60
30
18
18
10
30
60
C0
FF
ENDCHAR
STARTCHAR 03A4
ENCODING 932
SWIDTH 589 0
DWIDTH 9 0
BBX 9 11 0 0
BITMAP
FF80
0800
0800
0800
0800
0800
0800
0800
0800
0800
0800
ENDCHAR
STARTCHAR 03A5
ENCODING 933
SWIDTH 654 0
DWIDTH 10 0
BBX 10 11 0 0
BITMAP
C0C0
6180
2100
3300
1E00
0C00
0C00
0C00
0C00
0C00
0C00
ENDCHAR
STARTCHAR 03A6
ENCODING 934
SWIDTH 785 0
DWIDTH 12 0
BBX 10 11 1 0
BITMAP
0C00
3F00
4C80
8C40
8C40
8C40
8C40
4C80
3F00
0C00
0C00
ENDCHAR
STARTCHAR 03A7
ENCODING 935
SWIDTH 654 0
DWIDTH 10 0
BBX 10 11 0 0
BITMAP
6080
2180
3300
1A00
0C00
0C00
1E00
1200
3300
6180
C0C0
ENDCHAR
STARTCHAR 03A8
ENCODING 936
SWIDTH 850 0
DWIDTH 13 0
BBX 11 11 1 0
BITMAP
8460
8460
8460
8460
8460
C440
64C0
3F00
0400
0400
0400
ENDCHAR
STARTCHAR 03A9
ENCODING 937
SWIDTH 720 0
DWIDTH 11 0
BBX 10 11 1 0
BITMAP
3E00
6300
C180
C080
8080
8080
8080
C080
4100
2300
F7C0
ENDCHAR
STARTCHAR 03AA
ENCODING 938
SWIDTH 261 0
DWIDTH 4 0
BBX 4 13 0 0
BITMAP
90
00
60
60
60
60
60
60
60
60
60
60
60
ENDCHAR
STARTCHAR 03AB
ENCODING 939
SWIDTH 654 0
DWIDTH 10 0
BBX 10 13 0 0
BITMAP
1200
0000
C0C0
6180
2100
3300
1E00
0C00
0C00
0C00
0C00
0C00
0C00
ENDCHAR
STARTCHAR 03AC
ENCODING 940
SWIDTH 589 0
DWIDTH 9 0
BBX 7 11 1 0
BITMAP
18
10
00
72
CA
84
84
84
84
CE
72
ENDCHAR
STARTCHAR 03AD
ENCODING 941
SWIDTH 458 0
DWIDTH 7 0
BBX 5 11 1 0
BITMAP
30
20
00
70
88
80
60
80
80
88
70
ENDCHAR
STARTCHAR 03AE
ENCODING 942
SWIDTH 523 0
DWIDTH 8 0
BBX 6 14 1 -3
BITMAP
18
10
00
B8
C4
84
84
84
84
84
84
04
04
04
ENDCHAR
STARTCHAR 03AF
ENCODING 943
SWIDTH 196 0
DWIDTH 3 0
BBX 2 11 1 0
BITMAP
C0
80
00
80
80
80
80
80
80
80
80
ENDCHAR
STARTCHAR 03B0
ENCODING 944
SWIDTH 523 0
DWIDTH 8 0
BBX 6 11 1 0
BITMAP
10
EC
00
84
84
84
84
84
84
CC
78
ENDCHAR
STARTCHAR 03B1
ENCODING 945
SWIDTH 589 0
DWIDTH 9 0
BBX 7 8 1 0
BITMAP
72
CA
84
84
84
84
CE
72
ENDCHAR
STARTCHAR 03B2
ENCODING 946
SWIDTH 589 0
DWIDTH 9 0
BBX 7 14 1 -3
BITMAP
78
C4
84
84
8C
B8
84
86
C2
C6
BC
80
80
80
ENDCHAR
STARTCHAR 03B3
ENCODING 947
SWIDTH 523 0
DWIDTH 8 0
BBX 7 11 0 -3
BITMAP
C2
46
44
64
2C
38
18
18
10
10
10
ENDCHAR
STARTCHAR 03B4
ENCODING 948
SWIDTH 523 0
DWIDTH 8 0
BBX 7 11 1 0
BITMAP
FC
60
30
78
C4
86
86
86
86
C4
78
ENDCHAR
STARTCHAR 03B5
ENCODING 949
SWIDTH 458 0
DWIDTH 7 0
BBX 5 8 1 0
BITMAP
70
88
80
60
80
80
88
70
ENDCHAR
STARTCHAR 03B6
ENCODING 950
SWIDTH 458 0
DWIDTH 7 0
BBX 5 14 1 -3
BITMAP
78
18
30
60
40
80
80
80
80
80
78
08
08
10
ENDCHAR
STARTCHAR 03B7
ENCODING 951
SWIDTH 523 0
DWIDTH 8 0
BBX 6 11 1 -3
BITMAP
B8
C4
84
84
84
84
84
84
04
04
04
ENDCHAR
STARTCHAR 03B8
ENCODING 952
SWIDTH 523 0
DWIDTH 8 0
BBX 7 11 1 0
BITMAP
78
CC
84
86
86
FE
86
86
84
CC
78
ENDCHAR
STARTCHAR 03B9
ENCODING 953
SWIDTH 196 0
DWIDTH 3 0
BBX 1 8 1 0
BITMAP
80
80
80
80
80
80
80
80
ENDCHAR
STARTCHAR 03BA
ENCODING 954
SWIDTH 523 0
DWIDTH 8 0
BBX 6 8 1 0
BITMAP
8C
98
B0
E0
B0
90
88
8C
ENDCHAR
STARTCHAR 03BB
ENCODING 955
SWIDTH 523 0
DWIDTH 8 0
BBX 7 11 0 0
BITMAP
20
30
10
18
18
38
2C
24
44
46
C2
ENDCHAR
STARTCHAR 03BC
ENCODING 956
SWIDTH 589 0
DWIDTH 9 0
BBX 6 11 1 -3
BITMAP
84
84
84
84
84
C4
C4
BC
80
80
80
ENDCHAR
STARTCHAR 03BD
ENCODING 957
SWIDTH 523 0
DWIDTH 8 0
BBX 7 8 0 0
BITMAP
C2
46
44
64
2C
28
18
18
ENDCHAR
STARTCHAR 03BE
ENCODING 958
SWIDTH 458 0
DWIDTH 7 0
BBX 5 14 1 -3
BITMAP
78
C0
80
C0
78
40
80
80
80
C0
78
08
08
10
ENDCHAR
STARTCHAR 03BF
ENCODING 959
SWIDTH 523 0
DWIDTH 8 0
BBX 7 8 1 0
BITMAP
78
C4
86
86
86
86
C4
78
ENDCHAR
STARTCHAR 03C0
ENCODING 960
SWIDTH 654 0
DWIDTH 10 0
BBX 10 8 0 0
BITMAP
FFC0
3100
3100
3100
3100
3100
3100
3100
ENDCHAR
STARTCHAR 03C1
ENCODING 961
SWIDTH 589 0
DWIDTH 9 0
BBX 7 11 1 -3
BITMAP
78
44
86
82
82
86
C4
B8
80
80
80
ENDCHAR
STARTCHAR 03C2
ENCODING 962
SWIDTH 458 0
DWIDTH 7 0
BBX 6 11 1 -3
BITMAP
3C
40
80
80
80
80
C0
78
0C
0C
38
ENDCHAR
STARTCHAR 03C3
ENCODING 963
SWIDTH 589 0
DWIDTH 9 0
BBX 8 8 1 0
BITMAP
7F
C4
86
86
86
86
C4
78
ENDCHAR
STARTCHAR 03C4
ENCODING 964
SWIDTH 392 0
DWIDTH 6 0
BBX 6 8 0 0
BITMAP
FC
30
30
30
30
30
30
30
ENDCHAR
STARTCHAR 03C5
ENCODING 965
SWIDTH 523 0
DWIDTH 8 0
BBX 6 8 1 0
BITMAP
84
84
84
84
84
84
CC
78
ENDCHAR
STARTCHAR 03C6
ENCODING 966
SWIDTH 654 0
DWIDTH 10 0
BBX 8 11 1 -3
BITMAP
6E
DB
99
99
99
9B
DA
3C
18
18
18
ENDCHAR
STARTCHAR 03C7
ENCODING 967
SWIDTH 523 0
DWIDTH 8 0
BBX 7 11 0 -3
BITMAP
42
66
24
3C
18
18
18
3C
64
46
C2
ENDCHAR
STARTCHAR 03C8
ENCODING 968
SWIDTH 720 0
DWIDTH 11 0
BBX 9 11 1 -3
BITMAP
8980
8980
8980
8980
8980
8980
C900
7E00
0800
0800
0800
ENDCHAR
STARTCHAR 03C9
ENCODING 969
SWIDTH 785 0
DWIDTH 12 0
BBX 10 8 1 0
BITMAP
4080
80C0
8C40
8C40
8C40
8C40
CCC0
7380
ENDCHAR
STARTCHAR 03CA
ENCODING 970
SWIDTH 196 0
DWIDTH 3 0
BBX 4 10 0 0
BITMAP
B0
00
40
40
40
40
40
40
40
40
ENDCHAR
STARTCHAR 03CB
ENCODING 971
SWIDTH 523 0
DWIDTH 8 0
BBX 6 10 1 0
BITMAP
68
00
84
84
84
84
84
84
CC
78
ENDCHAR
STARTCHAR 03CC
ENCODING 972
SWIDTH 523 0
DWIDTH 8 0
BBX 7 11 1 0
BITMAP
18
10
00
78
C4
86
86
86
86
C4
78
ENDCHAR
STARTCHAR 03CD
ENCODING 973
SWIDTH 523 0
DWIDTH 8 0
BBX 6 11 1 0
BITMAP
18
30
00
84
84
84
84
84
84
CC
78
ENDCHAR
STARTCHAR 03CE
ENCODING 974
SWIDTH 785 0
DWIDTH 12 0
BBX 10 11 1 0
BITMAP
0400
0C00
0000
4080
80C0
8C40
8C40
8C40
8C40
CCC0
7380
ENDCHAR
STARTCHAR 0401
ENCODING 1025
SWIDTH 654 0
DWIDTH 10 0
BBX 8 13 1 0
BITMAP
24
00
FF
C0
C0
C0
C0
FF
C0
C0
C0
C0
FF
ENDCHAR
STARTCHAR 0402
ENCODING 1026
SWIDTH 850 0
DWIDTH 13 0
BBX 12 11 0 0
BITMAP
FF80
0800
0800
0800
0BE0
0C30
0810
0810
0810
0930
08E0
ENDCHAR
STARTCHAR 0403
ENCODING 1027
SWIDTH 523 0
DWIDTH 8 0
BBX 7 14 1 0
BITMAP
18
10
00
FE
C0
C0
C0
C0
C0
C0
C0
C0
C0
C0
ENDCHAR
STARTCHAR 0404
ENCODING 1028
SWIDTH 720 0
DWIDTH 11 0
BBX 9 11 1 0
BITMAP
1E00
6100
C080
C000
8000
F800
8000
C000
C080
6100
3E00
ENDCHAR
STARTCHAR 0405
ENCODING 1029
SWIDTH 654 0
DWIDTH 10 0
BBX 8 11 1 0
BITMAP
3C
C2
83
C0
70
3E
03
01
81
C3
7C
ENDCHAR
STARTCHAR 0406
ENCODING 1030
SWIDTH 261 0
DWIDTH 4 0
BBX 2 11 1 0
BITMAP
C0
C0
C0
C0
C0
C0
C0
C0
C0
C0
C0
ENDCHAR
STARTCHAR 0407
ENCODING 1031
SWIDTH 261 0
DWIDTH 4 0
BBX 4 13 0 0
BITMAP
90
00
60
60
60
60
60
60
60
60
60
60
60
ENDCHAR
STARTCHAR 0408
ENCODING 1032
SWIDTH 523 0
DWIDTH 8 0
BBX 6 11 0 0
BITMAP
04
04
04
04
04
04
04
04
C4
44
78
ENDCHAR
STARTCHAR 0409
ENCODING 1033
SWIDTH 1047 0
DWIDTH 16 0
BBX 15 11 0 0
BITMAP
3F80
2180
2180
2180
2180
21FC
2186
2182
2182
A186
E1FC
ENDCHAR
STARTCHAR 040A
ENCODING 1034
SWIDTH 981 0
DWIDTH 15 0
BBX 14 11 1 0
BITMAP
C600
C600
C600
C600
C600
FFF0
C618
C60C
C60C
C608
C7F0
ENDCHAR
STARTCHAR 040B
ENCODING 1035
SWIDTH 850 0
DWIDTH 13 0
BBX 12 11 0 0
BITMAP
FF80
0800
0800
0800
0BE0
0C30
0810
0810
0810
0810
0810
ENDCHAR
STARTCHAR 040C
ENCODING 1036
SWIDTH 589 0
DWIDTH 9 0
BBX 8 14 1 0
BITMAP
08
10
00
C7
CC
C8
C8
D8
E0
D8
CC
CC
C6
C2
ENDCHAR
STARTCHAR 040E
ENCODING 1038
SWIDTH 654 0
DWIDTH 10 0
BBX 9 14 0 0
BITMAP
1200
0E00
0000
C080
4180
6100
2100
1200
1200
0C00
0C00
0800
0800
7000
ENDCHAR
STARTCHAR 040F
ENCODING 1039
SWIDTH 720 0
DWIDTH 11 0
BBX 9 14 1 -3
BITMAP
C180
C180
C180
C180
C180
C180
C180
C180
C180
C180
FF80
0800
0800
0800
ENDCHAR
STARTCHAR 0410
ENCODING 1040
SWIDTH 654 0
DWIDTH 10 0
BBX 10 11 0 0
BITMAP
0C00
0C00
1E00
1200
3200
3300
2100
7F80
4180
4080
C0C0
ENDCHAR
STARTCHAR 0411
ENCODING 1041
SWIDTH 654 0
DWIDTH 10 0
BBX 8 11 1 0
BITMAP
FE
C0
C0
C0
C0
FE
C3
C1
C1
C3
FE
ENDCHAR
STARTCHAR 0412
ENCODING 1042
SWIDTH 654 0
DWIDTH 10 0
BBX 8 11 1 0
BITMAP
FC
C2
C3
C3
C2
FE
C3
C1
C1
C3
FE
ENDCHAR
STARTCHAR 0413
ENCODING 1043
SWIDTH 523 0
DWIDTH 8 0
BBX 7 11 1 0
BITMAP
FE
C0
C0
C0
C0
C0
C0
C0
C0
C0
C0
ENDCHAR
STARTCHAR 0414
ENCODING 1044
SWIDTH 654 0
DWIDTH 10 0
BBX 10 14 0 -3
BITMAP
3F80
3180
2180
2180
2180
2180
2180
2180
6180
4180
FFC0
80C0
80C0
80C0
ENDCHAR
STARTCHAR 0415
ENCODING 1045
SWIDTH 654 0
DWIDTH 10 0
BBX 8 11 1 0
BITMAP
FF
C0
C0
C0
C0
FF
C0
C0
C0
C0
FF
ENDCHAR
STARTCHAR 0416
ENCODING 1046
SWIDTH 916 0
DWIDTH 14 0
BBX 14 11 0 0
BITMAP
C31C
2310
3330
1320
1B60
0FC0
1B60
3330
2330
6318
C308
ENDCHAR
STARTCHAR 0417
ENCODING 1047
SWIDTH 589 0
DWIDTH 9 0
BBX 7 11 1 0
BITMAP
7C
C6
86
06
06
1C
06
02
82
C6
7C
ENDCHAR
STARTCHAR 0418
ENCODING 1048
SWIDTH 720 0
DWIDTH 11 0
BBX 9 11 1 0
BITMAP
8180
8380
8380
8780
8D80
8980
9980
B180
A180
E180
C180
ENDCHAR
STARTCHAR 0419
ENCODING 1049
SWIDTH 720 0
DWIDTH 11 0
BBX 9 14 1 0
BITMAP
2400
1C00
0000
8180
8380
8380
8780
8D80
8980
9980
B180
A180
E180
C180
ENDCHAR
STARTCHAR 041A
ENCODING 1050
SWIDTH 589 0
DWIDTH 9 0
BBX 8 11 1 0
BITMAP
C7
CC
C8
C8
D8
E0
D8
CC
CC
C6
C2
ENDCHAR
STARTCHAR 041B
ENCODING 1051
SWIDTH 654 0
DWIDTH 10 0
BBX 9 11 0 0
BITMAP
3F80
2180
2180
2180
2180
2180
2180
2180
2180
A180
E180
ENDCHAR
STARTCHAR 041C
ENCODING 1052
SWIDTH 850 0
DWIDTH 13 0
BBX 10 11 1 0
BITMAP
C0C0
A0C0
A0C0
A140
9140
9140
9240
8A40
8A40
8C40
8C40
ENDCHAR
STARTCHAR 041D
ENCODING 1053
SWIDTH 720 0
DWIDTH 11 0
BBX 9 11 1 0
BITMAP
C180
C180
C180
C180
C180
FF80
C180
C180
C180
C180
C180
ENDCHAR
STARTCHAR 041E
ENCODING 1054
SWIDTH 785 0
DWIDTH 12 0
BBX 10 11 1 0
BITMAP
1E00
6180
C080
80C0
80C0
8040
80C0
80C0
C080
6180
1E00
ENDCHAR
STARTCHAR 041F
ENCODING 1055
SWIDTH 720 0
DWIDTH 11 0
BBX 9 11 1 0
BITMAP
FF80
C180
C180
C180
C180
C180
C180
C180
C180
C180
C180
ENDCHAR
STARTCHAR 0420
ENCODING 1056
SWIDTH 654 0
DWIDTH 10 0
BBX 8 11 1 0
BITMAP
FE
C3
C1
C1
C3
FE
C0
C0
C0
C0
C0
ENDCHAR
STARTCHAR 0421
ENCODING 1057
SWIDTH 720 0
DWIDTH 11 0
BBX 9 11 1 0
BITMAP
3E00
6300
C180
8000
8000
8000
8000
8080
C180
6300
3E00
ENDCHAR
STARTCHAR 0422
ENCODING 1058
SWIDTH 589 0
DWIDTH 9 0
BBX 9 11 0 0
BITMAP
FF80
0800
0800
0800
0800
0800
0800
0800
0800
0800
0800
ENDCHAR
STARTCHAR 0423
ENCODING 1059
SWIDTH 654 0
DWIDTH 10 0
BBX 9 11 0 0
BITMAP
C080
4180
6100
2100
1200
1200
0C00
0C00
0800
0800
7000
ENDCHAR
STARTCHAR 0424
ENCODING 1060
SWIDTH 720 0
DWIDTH 11 0
BBX 10 11 1 0
BITMAP
0800
3F00
C980
88C0
88C0
88C0
88C0
4980
3F00
0800
0800
ENDCHAR
STARTCHAR 0425
ENCODING 1061
SWIDTH 654 0
DWIDTH 10 0
BBX 10 11 0 0
BITMAP
6080
2180
3300
1A00
0C00
0C00
1E00
1200
3300
6180
C0C0
ENDCHAR
STARTCHAR 0426
ENCODING 1062
SWIDTH 720 0
DWIDTH 11 0
BBX 10 14 1 -3
BITMAP
C180
C180
C180
C180
C180
C180
C180
C180
C180
C180
FFC0
00C0
00C0
00C0
ENDCHAR
STARTCHAR 0427
ENCODING 1063
SWIDTH 654 0
DWIDTH 10 0
BBX 8 11 1 0
BITMAP
83
83
83
83
83
C3
7F
03
03
03
03
ENDCHAR
STARTCHAR 0428
ENCODING 1064
SWIDTH 916 0
DWIDTH 14 0
BBX 12 11 1 0
BITMAP
C630
C630
C630
C630
C630
C630
C630
C630
C630
C630
FFF0
ENDCHAR
STARTCHAR 0429
ENCODING 1065
SWIDTH 916 0
DWIDTH 14 0
BBX 13 14 1 -3
BITMAP
C630
C630
C630
C630
C630
C630
C630
C630
C630
C630
FFF8
0018
0018
0018
ENDCHAR
STARTCHAR 042A
ENCODING 1066
SWIDTH 785 0
DWIDTH 12 0
BBX 11 11 0 0
BITMAP
F800
1800
1800
1800
1800
1FC0
1860
1820
1820
1860
1FC0
ENDCHAR
STARTCHAR 042B
ENCODING 1067
SWIDTH 850 0
DWIDTH 13 0
BBX 11 11 1 0
BITMAP
C020
C020
C020
C020
C020
FE20
C320
C120
C120
C320
FE20
ENDCHAR
STARTCHAR 042C
ENCODING 1068
SWIDTH 654 0
DWIDTH 10 0
BBX 8 11 1 0
BITMAP
C0
C0
C0
C0
C0
FE
C3
C1
C1
C3
FE
ENDCHAR
STARTCHAR 042D
ENCODING 1069
SWIDTH 720 0
DWIDTH 11 0
BBX 9 11 1 0
BITMAP
3C00
4300
8100
0180
0180
0F80
0080
0180
8100
C300
3E00
ENDCHAR
STARTCHAR 042E
ENCODING 1070
SWIDTH 981 0
DWIDTH 15 0
BBX 13 11 1 0
BITMAP
C3E0
C630
CC18
C808
C808
F808
C808
C808
CC18
C630
C3E0
ENDCHAR
STARTCHAR 042F
ENCODING 1071
SWIDTH 720 0
DWIDTH 11 0
BBX 10 11 0 0
BITMAP
3FC0
60C0
60C0
60C0
60C0
3FC0
18C0
10C0
30C0
60C0
C0C0
ENDCHAR
STARTCHAR 0430
ENCODING 1072
SWIDTH 523 0
DWIDTH 8 0
BBX 7 8 1 0
BITMAP
7C
84
04
3C
E4
84
8C
F6
ENDCHAR
STARTCHAR 0431
ENCODING 1073
SWIDTH 589 0
DWIDTH 9 0
BBX 7 11 1 0
BITMAP
7E
C0
80
B8
C4
86
82
82
86
C4
78
ENDCHAR
STARTCHAR 0432
ENCODING 1074
SWIDTH 523 0
DWIDTH 8 0
BBX 6 8 1 0
BITMAP
F8
84
84
F8
84
84
84
F8
ENDCHAR
STARTCHAR 0433
ENCODING 1075
SWIDTH 327 0
DWIDTH 5 0
BBX 4 8 1 0
BITMAP
F0
80
80
80
80
80
80
80
ENDCHAR
STARTCHAR 0434
ENCODING 1076
SWIDTH 589 0
DWIDTH 9 0
BBX 8 10 0 -2
BITMAP
3E
22
22
22
22
62
42
FF
81
81
ENDCHAR
STARTCHAR 0435
ENCODING 1077
SWIDTH 523 0
DWIDTH 8 0
BBX 7 8 1 0
BITMAP
78
C4
86
FE
80
80
C4
78
ENDCHAR
STARTCHAR 0436
ENCODING 1078
SWIDTH 654 0
DWIDTH 10 0
BBX 10 8 0 0
BITMAP
CCC0
2D80
2D00
1E00
2D00
6D80
4C80
CCC0
ENDCHAR
STARTCHAR 0437
ENCODING 1079
SWIDTH 458 0
DWIDTH 7 0
BBX 5 8 1 0
BITMAP
70
88
08
30
08
08
88
F0
ENDCHAR
STARTCHAR 0438
ENCODING 1080
SWIDTH 523 0
DWIDTH 8 0
BBX 6 8 1 0
BITMAP
84
8C
9C
94
B4
A4
C4
C4
ENDCHAR
STARTCHAR 0439
ENCODING 1081
SWIDTH 523 0
DWIDTH 8 0
BBX 6 11 1 0
BITMAP
48
38
00
84
8C
9C
94
B4
A4
C4
C4
ENDCHAR
STARTCHAR 043A
ENCODING 1082
SWIDTH 458 0
DWIDTH 7 0
BBX 5 8 1 0
BITMAP
88
90
B0
E0
B0
90
98
88
ENDCHAR
STARTCHAR 043B
ENCODING 1083
SWIDTH 589 0
DWIDTH 9 0
BBX 8 8 0 0
BITMAP
3F
23
23
23
23
23
23
E3
ENDCHAR
STARTCHAR 043C
ENCODING 1084
SWIDTH 654 0
DWIDTH 10 0
BBX 8 8 1 0
BITMAP
C3
E3
A3
A5
B5
9D
99
99
ENDCHAR
STARTCHAR 043D
ENCODING 1085
SWIDTH 523 0
DWIDTH 8 0
BBX 6 8 1 0
BITMAP
84
84
84
FC
84
84
84
84
ENDCHAR
STARTCHAR 043E
ENCODING 1086
SWIDTH 523 0
DWIDTH 8 0
BBX 7 8 1 0
BITMAP
78
C4
86
86
86
86
C4
78
ENDCHAR
STARTCHAR 043F
ENCODING 1087
SWIDTH 523 0
DWIDTH 8 0
BBX 6 8 1 0
BITMAP
FC
84
84
84
84
84
84
84
ENDCHAR
STARTCHAR 0440
ENCODING 1088
SWIDTH 523 0
DWIDTH 8 0
BBX 7 11 1 -3
BITMAP
B8
C4
86
86
86
86
C4
B8
80
80
80
ENDCHAR
STARTCHAR 0441
ENCODING 1089
SWIDTH 523 0
DWIDTH 8 0
BBX 6 8 1 0
BITMAP
78
C4
80
80
80
80
C4
78
ENDCHAR
STARTCHAR 0442
ENCODING 1090
SWIDTH 458 0
DWIDTH 7 0
BBX 7 8 0 0
BITMAP
FE
10
10
10
10
10
10
10
ENDCHAR
STARTCHAR 0443
ENCODING 1091
SWIDTH 523 0
DWIDTH 8 0
BBX 7 11 0 -3
BITMAP
C2
42
64
24
2C
38
18
18
10
10
60
ENDCHAR
STARTCHAR 0444
ENCODING 1092
SWIDTH 785 0
DWIDTH 12 0
BBX 11 14 1 -3
BITMAP
0400
0400
0400
7780
CC40
8C60
8C60
8460
8C60
CC40
7780
0400
0400
0400
ENDCHAR
STARTCHAR 0445
ENCODING 1093
SWIDTH 523 0
DWIDTH 8 0
BBX 7 8 0 0
BITMAP
46
64
38
18
18
2C
64
C6
ENDCHAR
STARTCHAR 0446
ENCODING 1094
SWIDTH 589 0
DWIDTH 9 0
BBX 7 11 1 -3
BITMAP
84
84
84
84
84
84
84
FE
02
02
02
ENDCHAR
STARTCHAR 0447
ENCODING 1095
SWIDTH 523 0
DWIDTH 8 0
BBX 7 8 0 0
BITMAP
C6
C6
46
46
3E
06
06
06
ENDCHAR
STARTCHAR 0448
ENCODING 1096
SWIDTH 785 0
DWIDTH 12 0
BBX 10 8 1 0
BITMAP
8C40
8C40
8C40
8C40
8C40
8C40
8C40
FFC0
ENDCHAR
STARTCHAR 0449
ENCODING 1097
SWIDTH 785 0
DWIDTH 12 0
BBX 11 11 1 -3
BITMAP
8C40
8C40
8C40
8C40
8C40
8C40
8C40
FFE0
0020
0020
0020
ENDCHAR
STARTCHAR 044A
ENCODING 1098
SWIDTH 589 0
DWIDTH 9 0
BBX 9 8 0 0
BITMAP
F000
3000
3000
3F00
3180
3180
3180
3F00
ENDCHAR
STARTCHAR 044B
ENCODING 1099
SWIDTH 720 0
DWIDTH 11 0
BBX 9 8 1 0
BITMAP
8180
8180
8180
F980
8580
8580
8580
F980
ENDCHAR
STARTCHAR 044C
ENCODING 1100
SWIDTH 523 0
DWIDTH 8 0
BBX 6 8 1 0
BITMAP
80
80
80
F8
84
84
84
F8
ENDCHAR
STARTCHAR 044D
ENCODING 1101
SWIDTH 523 0
DWIDTH 8 0
BBX 6 8 1 0
BITMAP
70
88
04
3C
04
0C
8C
F8
ENDCHAR
STARTCHAR 044E
ENCODING 1102
SWIDTH 720 0
DWIDTH 11 0
BBX 10 8 1 0
BITMAP
8F00
9880
9080
F0C0
90C0
9080
8880
8700
ENDCHAR
STARTCHAR 044F
ENCODING 1103
SWIDTH 523 0
DWIDTH 8 0
BBX 6 8 1 0
BITMAP
7C
84
84
84
7C
64
C4
84
ENDCHAR
STARTCHAR 0451
ENCODING 1105
SWIDTH 523 0
DWIDTH 8 0
BBX 7 10 1 0
BITMAP
48
00
78
C4
86
FE
80
80
C4
78
ENDCHAR
STARTCHAR 0452
ENCODING 1106
SWIDTH 523 0
DWIDTH 8 0
BBX 7 14 0 -3
BITMAP
40
F8
40
5C
62
42
42
42
42
42
42
02
02
0E
ENDCHAR
STARTCHAR 0453
ENCODING 1107
SWIDTH 327 0
DWIDTH 5 0
BBX 4 11 1 0
BITMAP
30
20
00
F0
80
80
80
80
80
80
80
ENDCHAR
STARTCHAR 0454
ENCODING 1108
SWIDTH 523 0
DWIDTH 8 0
BBX 6 8 1 0
BITMAP
78
C4
80
F0
80
80
C4
78
ENDCHAR
STARTCHAR 0455
ENCODING 1109
SWIDTH 523 0
DWIDTH 8 0
BBX 6 8 1 0
BITMAP
78
88
80
F0
1C
04
8C
F8
ENDCHAR
STARTCHAR 0456
ENCODING 1110
SWIDTH 196 0
DWIDTH 3 0
BBX 1 11 1 0
BITMAP
80
00
00
80
80
80
80
80
80
80
80
ENDCHAR
STARTCHAR 0457
ENCODING 1111
SWIDTH 261 0
DWIDTH 4 0
BBX 4 10 0 0
BITMAP
90
00
60
60
60
60
60
60
60
60
ENDCHAR
STARTCHAR 0458
ENCODING 1112
SWIDTH 196 0
DWIDTH 3 0
BBX 3 14 -1 -3
BITMAP
20
00
00
20
20
20
20
20
20
20
20
20
20
E0
ENDCHAR
STARTCHAR 0459
ENCODING 1113
SWIDTH 916 0
DWIDTH 14 0
BBX 13 8 0 0
BITMAP
3F00
2100
2100
21F0
2118
2108
2118
E1F0
ENDCHAR
STARTCHAR 045A
ENCODING 1114
SWIDTH 785 0
DWIDTH 12 0
BBX 11 8 1 0
BITMAP
8C00
8C00
8C00
FFC0
8C40
8C60
8C40
8FC0
ENDCHAR
STARTCHAR 045B
ENCODING 1115
SWIDTH 523 0
DWIDTH 8 0
BBX 7 11 0 0
BITMAP
40
F8
40
5C
62
42
42
42
42
42
42
ENDCHAR
STARTCHAR 045C
ENCODING 1116
SWIDTH 458 0
DWIDTH 7 0
BBX 5 11 1 0
BITMAP
30
20
00
88
90
B0
E0
B0
90
98
88
ENDCHAR
STARTCHAR 045E
ENCODING 1118
SWIDTH 523 0
DWIDTH 8 0
BBX 7 14 0 -3
BITMAP
24
38
00
C2
42
64
24
2C
38
18
18
10
10
60
ENDCHAR
STARTCHAR 045F
ENCODING 1119
SWIDTH 523 0
DWIDTH 8 0
BBX 6 11 1 -3
BITMAP
84
84
84
84
84
84
84
FC
10
10
10
ENDCHAR
STARTCHAR 0490
ENCODING 1168
SWIDTH 458 0
DWIDTH 7 0
BBX 6 14 1 0
BITMAP
04
04
04
FC
C0
C0
C0
C0
C0
C0
C0
C0
C0
C0
ENDCHAR
STARTCHAR 0491
ENCODING 1169
SWIDTH 392 0
DWIDTH 6 0
BBX 5 11 1 0
BITMAP
08
08
08
F8
80
80
80
80
80
80
80
ENDCHAR
STARTCHAR 0492
ENCODING 1170
SWIDTH 523 0
DWIDTH 8 0
BBX 8 11 0 0
BITMAP
7F
60
60
60
60
FC
60
60
60
60
60
ENDCHAR
STARTCHAR 0493
ENCODING 1171
SWIDTH 327 0
DWIDTH 5 0
BBX 5 8 0 0
BITMAP
78
40
40
F0
40
40
40
40
ENDCHAR
STARTCHAR 0496
ENCODING 1174
SWIDTH 916 0
DWIDTH 14 0
BBX 14 14 0 -3
BITMAP
E31C
2310
3330
1320
1B60
0FC0
1B60
3330
2330
6318
C30C
0004
0004
0004
ENDCHAR
STARTCHAR 0497
ENCODING 1175
SWIDTH 654 0
DWIDTH 10 0
BBX 10 10 0 -2
BITMAP
CCC0
2D80
2D00
1E00
2D00
6D80
4C80
CCC0
0040
0040
ENDCHAR
STARTCHAR 049A
ENCODING 1178
SWIDTH 589 0
DWIDTH 9 0
BBX 8 14 1 -3
BITMAP
C7
CC
C8
C8
D8
E0
D8
C8
CC
C6
C3
03
03
03
ENDCHAR
STARTCHAR 049B
ENCODING 1179
SWIDTH 458 0
DWIDTH 7 0
BBX 5 10 1 -2
BITMAP
88
90
B0
E0
B0
90
98
88
08
08
ENDCHAR
STARTCHAR 049C
ENCODING 1180
SWIDTH 589 0
DWIDTH 9 0
BBX 8 11 1 0
BITMAP
C7
CC
E8
E8
F8
E0
F8
EC
EC
C6
C2
ENDCHAR
STARTCHAR 049D
ENCODING 1181
SWIDTH 458 0
DWIDTH 7 0
BBX 5 8 1 0
BITMAP
88
B0
B0
E0
B0
B0
B8
88
ENDCHAR
STARTCHAR 04A2
ENCODING 1186
SWIDTH 720 0
DWIDTH 11 0
BBX 10 14 1 -3
BITMAP
C180
C180
C180
C180
C180
FF80
C180
C180
C180
C180
C1C0
00C0
00C0
00C0
ENDCHAR
STARTCHAR 04A3
ENCODING 1187
SWIDTH 523 0
DWIDTH 8 0
BBX 7 10 1 -2
BITMAP
84
84
84
FC
84
84
84
86
02
02
ENDCHAR
STARTCHAR 04AE
ENCODING 1198
SWIDTH 523 0
DWIDTH 8 0
BBX 8 11 0 0
BITMAP
C3
42
66
34
1C
18
18
18
18
18
18
ENDCHAR
STARTCHAR 04AF
ENCODING 1199
SWIDTH 523 0
DWIDTH 8 0
BBX 7 11 0 -3
BITMAP
C2
46
44
64
2C
38
18
18
10
10
10
ENDCHAR
STARTCHAR 04B0
ENCODING 1200
SWIDTH 523 0
DWIDTH 8 0
BBX 8 11 0 0
BITMAP
C3
42
66
34
1C
FF
18
18
18
18
18
ENDCHAR
STARTCHAR 04B1
ENCODING 1201
SWIDTH 523 0
DWIDTH 8 0
BBX 7 11 0 -3
BITMAP
C2
46
44
64
2C
38
18
18
7E
10
10
ENDCHAR
STARTCHAR 04B2
ENCODING 1202
SWIDTH 654 0
DWIDTH 10 0
BBX 10 14 0 -3
BITMAP
6080
2180
3300
1E00
0C00
0C00
1E00
1200
3300
6180
C0C0
0040
0040
0040
ENDCHAR
STARTCHAR 04B3
ENCODING 1203
SWIDTH 523 0
DWIDTH 8 0
BBX 7 10 0 -2
BITMAP
46
64
38
18
18
2C
64
C6
02
02
ENDCHAR
STARTCHAR 04B8
ENCODING 1208
SWIDTH 654 0
DWIDTH 10 0
BBX 8 11 1 0
BITMAP
83
83
83
93
93
D3
7F
13
13
03
03
ENDCHAR
STARTCHAR 04B9
ENCODING 1209
SWIDTH 523 0
DWIDTH 8 0
BBX 7 8 0 0
BITMAP
C6
C6
56
56
3E
16
16
06
ENDCHAR
STARTCHAR 04BA
ENCODING 1210
SWIDTH 654 0
DWIDTH 10 0
BBX 8 11 1 0
BITMAP
C0
C0
C0
C0
FE
C3
C1
C1
C1
C1
C1
ENDCHAR
STARTCHAR 04BB
ENCODING 1211
SWIDTH 523 0
DWIDTH 8 0
BBX 6 8 1 0
BITMAP
80
80
80
F8
84
84
84
84
ENDCHAR
STARTCHAR 04D8
ENCODING 1240
SWIDTH 720 0
DWIDTH 11 0
BBX 10 11 1 0
BITMAP
3E00
6300
C180
0080
00C0
FFC0
80C0
8080
C180
6300
3E00
ENDCHAR
STARTCHAR 04D9
ENCODING 1241
SWIDTH 523 0
DWIDTH 8 0
BBX 7 8 1 0
BITMAP
78
CC
86
06
FE
86
C4
78
ENDCHAR
STARTCHAR 04E8
ENCODING 1256
SWIDTH 785 0
DWIDTH 12 0
BBX 10 11 1 0
BITMAP
3E00
6180
C080
80C0
80C0
FFC0
80C0
80C0
C080
6180
1E00
ENDCHAR
STARTCHAR 04E9
ENCODING 1257
SWIDTH 523 0
DWIDTH 8 0
BBX 7 8 1 0
BITMAP
78
C4
86
FE
86
86
CC
78
ENDCHAR
STARTCHAR 05B0
ENCODING 1456
SWIDTH 327 0
DWIDTH 5 0
BBX 1 3 2 -3
BITMAP
80
00
80
ENDCHAR
STARTCHAR 05B1
ENCODING 1457
SWIDTH 327 0
DWIDTH 5 0
BBX 5 3 0 -3
BITMAP
A8
00
48
ENDCHAR
STARTCHAR 05B2
ENCODING 1458
SWIDTH 327 0
DWIDTH 5 0
BBX 5 3 0 -3
BITMAP
F8
00
18
ENDCHAR
STARTCHAR 05B3
ENCODING 1459
SWIDTH 327 0
DWIDTH 5 0
BBX 5 3 0 -3
BITMAP
F8
40
18
ENDCHAR
STARTCHAR 05B4
ENCODING 1460
SWIDTH 327 0
DWIDTH 5 0
BBX 1 1 2 -3
BITMAP
80
ENDCHAR
STARTCHAR 05B5
ENCODING 1461
SWIDTH 327 0
DWIDTH 5 0
BBX 3 1 1 -3
BITMAP
A0
ENDCHAR
STARTCHAR 05B6
ENCODING 1462
SWIDTH 327 0
DWIDTH 5 0
BBX 3 3 1 -3
BITMAP
A0
00
40
ENDCHAR
STARTCHAR 05B7
ENCODING 1463
SWIDTH 327 0
DWIDTH 5 0
BBX 3 1 1 -2
BITMAP
E0
ENDCHAR
STARTCHAR 05B8
ENCODING 1464
SWIDTH 327 0
DWIDTH 5 0
BBX 3 2 1 -3
BITMAP
E0
40
ENDCHAR
STARTCHAR 05B9
ENCODING 1465
SWIDTH 327 0
DWIDTH 5 0
BBX 1 1 2 9
BITMAP
80
ENDCHAR
STARTCHAR 05BB
ENCODING 1467
SWIDTH 327 0
DWIDTH 5 0
BBX 5 3 0 -3
BITMAP
80
20
08
ENDCHAR
STARTCHAR 05BC
ENCODING 1468
SWIDTH 327 0
DWIDTH 5 0
BBX 1 1 2 4
BITMAP
80
ENDCHAR
STARTCHAR 05BD
ENCODING 1469
SWIDTH 327 0
DWIDTH 5 0
BBX 1 2 2 -3
BITMAP
80
80
ENDCHAR
STARTCHAR 05BE
ENCODING 1470
SWIDTH 392 0
DWIDTH 6 0
BBX 4 1 1 7
BITMAP
F0
ENDCHAR
STARTCHAR 05BF
ENCODING 1471
SWIDTH 327 0
DWIDTH 5 0
BBX 3 1 1 9
BITMAP
E0
ENDCHAR
STARTCHAR 05C0
ENCODING 1472
SWIDTH 261 0
DWIDTH 4 0
BBX 1 10 2 0
BITMAP
80
80
80
80
80
80
80
80
80
80
ENDCHAR
STARTCHAR 05C1
ENCODING 1473
SWIDTH 327 0
DWIDTH 5 0
BBX 1 1 6 9
BITMAP
80
ENDCHAR
STARTCHAR 05C2
ENCODING 1474
SWIDTH 327 0
DWIDTH 5 0
BBX 1 1 -2 9
BITMAP
80
ENDCHAR
STARTCHAR 05C3
ENCODING 1475
SWIDTH 261 0
DWIDTH 4 0
BBX 2 8 1 0
BITMAP
C0
00
00
00
00
00
00
C0
ENDCHAR
STARTCHAR 05D0
ENCODING 1488
SWIDTH 523 0
DWIDTH 8 0
BBX 7 8 1 0
BITMAP
C6
64
24
7C
D8
C8
8C
86
ENDCHAR
STARTCHAR 05D1
ENCODING 1489
SWIDTH 523 0
DWIDTH 8 0
BBX 8 8 0 0
BITMAP
78
0C
04
06
06
06
06
FF
ENDCHAR
STARTCHAR 05D2
ENCODING 1490
SWIDTH 392 0
DWIDTH 6 0
BBX 5 8 0 0
BITMAP
70
18
18
18
18
38
48
C8
ENDCHAR
STARTCHAR 05D3
ENCODING 1491
SWIDTH 523 0
DWIDTH 8 0
BBX 7 8 0 0
BITMAP
FE
04
04
04
04
04
04
04
ENDCHAR
STARTCHAR 05D4
ENCODING 1492
SWIDTH 589 0
DWIDTH 9 0
BBX 7 8 1 0
BITMAP
F8
04
06
02
C2
C2
C2
C2
ENDCHAR
STARTCHAR 05D5
ENCODING 1493
SWIDTH 261 0
DWIDTH 4 0
BBX 2 8 1 0
BITMAP
C0
C0
C0
C0
C0
C0
C0
C0
ENDCHAR
STARTCHAR 05D6
ENCODING 1494
SWIDTH 392 0
DWIDTH 6 0
BBX 4 8 1 0
BITMAP
F0
60
40
40
40
40
40
40
ENDCHAR
STARTCHAR 05D7
ENCODING 1495
SWIDTH 589 0
DWIDTH 9 0
BBX 7 8 1 0
BITMAP
F8
C6
C6
C2
C2
C2
C2
C2
ENDCHAR
STARTCHAR 05D8
ENCODING 1496
SWIDTH 589 0
DWIDTH 9 0
BBX 7 8 1 0
BITMAP
8C
96
82
82
82
C6
44
38
ENDCHAR
STARTCHAR 05D9
ENCODING 1497
SWIDTH 261 0
DWIDTH 4 0
BBX 2 4 1 4
BITMAP
C0
C0
C0
C0
ENDCHAR
STARTCHAR 05DA
ENCODING 1498
SWIDTH 523 0
DWIDTH 8 0
BBX 7 11 0 -3
BITMAP
F8
0C
04
06
06
06
06
06
06
06
06
ENDCHAR
STARTCHAR 05DB
ENCODING 1499
SWIDTH 458 0
DWIDTH 7 0
BBX 5 8 1 0
BITMAP
E0
10
18
08
08
18
10
E0
ENDCHAR
STARTCHAR 05DC
ENCODING 1500
SWIDTH 458 0
DWIDTH 7 0
BBX 6 11 0 0
BITMAP
C0
C0
C0
FC
04
04
0C
08
18
10
10
ENDCHAR
STARTCHAR 05DD
ENCODING 1501
SWIDTH 589 0
DWIDTH 9 0
BBX 7 8 1 0
BITMAP
F8
C6
C6
C2
C2
C2
C2
FE
ENDCHAR
STARTCHAR 05DE
ENCODING 1502
SWIDTH 589 0
DWIDTH 9 0
BBX 7 8 1 0
BITMAP
9C
A6
C6
42
42
C2
C2
9E
ENDCHAR
STARTCHAR 05DF
ENCODING 1503
SWIDTH 261 0
DWIDTH 4 0
BBX 2 11 1 -3
BITMAP
C0
C0
C0
C0
C0
C0
C0
C0
C0
C0
C0
ENDCHAR
STARTCHAR 05E0
ENCODING 1504
SWIDTH 327 0
DWIDTH 5 0
BBX 4 8 0 0
BITMAP
60
10
10
10
10
10
10
F0
ENDCHAR
STARTCHAR 05E1
ENCODING 1505
SWIDTH 589 0
DWIDTH 9 0
BBX 7 8 1 0
BITMAP
78
C4
86
86
86
86
C4
78
ENDCHAR
STARTCHAR 05E2
ENCODING 1506
SWIDTH 523 0
DWIDTH 8 0
BBX 7 9 0 -1
BITMAP
62
66
66
26
26
24
3C
38
E0
ENDCHAR
STARTCHAR 05E3
ENCODING 1507
SWIDTH 589 0
DWIDTH 9 0
BBX 6 11 1 -3
BITMAP
F8
8C
84
84
E4
04
04
04
04
04
04
ENDCHAR
STARTCHAR 05E4
ENCODING 1508
SWIDTH 523 0
DWIDTH 8 0
BBX 7 8 1 0
BITMAP
F8
8C
84
86
66
04
8C
F0
ENDCHAR
STARTCHAR 05E5
ENCODING 1509
SWIDTH 458 0
DWIDTH 7 0
BBX 6 11 0 -3
BITMAP
C4
44
64
2C
30
10
10
10
10
10
10
ENDCHAR
STARTCHAR 05E6
ENCODING 1510
SWIDTH 458 0
DWIDTH 7 0
BBX 6 8 0 0
BITMAP
C4
44
24
3C
18
18
0C
FC
ENDCHAR
STARTCHAR 05E7
ENCODING 1511
SWIDTH 523 0
DWIDTH 8 0
BBX 6 11 1 -3
BITMAP
FC
04
04
04
CC
C8
D8
D8
C0
C0
C0
ENDCHAR
STARTCHAR 05E8
ENCODING 1512
SWIDTH 523 0
DWIDTH 8 0
BBX 7 8 0 0
BITMAP
F8
0C
04
06
06
06
06
06
ENDCHAR
STARTCHAR 05E9
ENCODING 1513
SWIDTH 654 0
DWIDTH 10 0
BBX 9 8 1 0
BITMAP
9980
9980
9900
9900
F100
C100
4200
3C00
ENDCHAR
STARTCHAR 05EA
ENCODING 1514
SWIDTH 654 0
DWIDTH 10 0
BBX 9 8 0 0
BITMAP
7E00
3300
3100
3180
3180
3180
3180
E180
ENDCHAR
STARTCHAR 05F0
ENCODING 1520
SWIDTH 458 0
DWIDTH 7 0
BBX 5 8 1 0
BITMAP
C8
C8
C8
C8
C8
C8
C8
C8
ENDCHAR
STARTCHAR 05F1
ENCODING 1521
SWIDTH 458 0
DWIDTH 7 0
BBX 5 8 1 0
BITMAP
C8
C8
C8
C8
08
08
08
08
ENDCHAR
STARTCHAR 05F2
ENCODING 1522
SWIDTH 458 0
DWIDTH 7 0
BBX 5 4 1 4
BITMAP
C8
C8
C8
C8
ENDCHAR
STARTCHAR 05F3
ENCODING 1523
SWIDTH 261 0
DWIDTH 4 0
BBX 2 3 1 5
BITMAP
C0
80
80
ENDCHAR
STARTCHAR 05F4
ENCODING 1524
SWIDTH 392 0
DWIDTH 6 0
BBX 4 3 1 5
BITMAP
D0
90
A0
ENDCHAR
STARTCHAR 060C
ENCODING 1548
SWIDTH 327 0
DWIDTH 5 0
BBX 3 3 1 2
BITMAP
40
80
E0
ENDCHAR
STARTCHAR 061B
ENCODING 1563
SWIDTH 327 0
DWIDTH 5 0
BBX 3 5 1 2
BITMAP
40
80
E0
00
40
ENDCHAR
STARTCHAR 061F
ENCODING 1567
SWIDTH 327 0
DWIDTH 5 0
BBX 5 9 0 2
BITMAP
70
48
D8
40
60
20
00
00
30
ENDCHAR
STARTCHAR 0621
ENCODING 1569
SWIDTH 392 0
DWIDTH 6 0
BBX 4 5 1 1
BITMAP
60
80
90
E0
80
ENDCHAR
STARTCHAR 0622
ENCODING 1570
SWIDTH 196 0
DWIDTH 3 0
BBX 3 10 0 2
BITMAP
E0
00
40
40
40
40
40
40
40
40
ENDCHAR
STARTCHAR 0623
ENCODING 1571
SWIDTH 196 0
DWIDTH 3 0
BBX 1 10 1 2
BITMAP
80
80
80
00
80
80
80
80
80
80
ENDCHAR
STARTCHAR 0624
ENCODING 1572
SWIDTH 392 0
DWIDTH 6 0
BBX 5 10 2 -1
BITMAP
20
40
60
00
18
28
18
08
10
E0
ENDCHAR
STARTCHAR 0625
ENCODING 1573
SWIDTH 196 0
DWIDTH 3 0
BBX 2 13 0 -2
BITMAP
40
40
40
40
40
40
40
40
00
00
40
80
40
ENDCHAR
STARTCHAR 0626
ENCODING 1574
SWIDTH 654 0
DWIDTH 10 0
BBX 9 10 0 -1
BITMAP
4000
8000
4180
0200
4400
8400
8780
8080
C300
7C00
ENDCHAR
STARTCHAR 0627
ENCODING 1575
SWIDTH 196 0
DWIDTH 3 0
BBX 1 8 1 2
BITMAP
80
80
80
80
80
80
80
80
ENDCHAR
STARTCHAR 0628
ENCODING 1576
SWIDTH 720 0
DWIDTH 11 0
BBX 10 7 1 0
BITMAP
8040
8040
8040
8040
7FC0
0000
0C00
ENDCHAR
STARTCHAR 0629
ENCODING 1577
SWIDTH 261 0
DWIDTH 4 0
BBX 4 7 0 2
BITMAP
20
C0
00
60
90
90
70
ENDCHAR
STARTCHAR 062A
ENCODING 1578
SWIDTH 720 0
DWIDTH 11 0
BBX 10 7 1 2
BITMAP
0600
1800
8040
8040
8040
8040
7FC0
ENDCHAR
STARTCHAR 062B
ENCODING 1579
SWIDTH 720 0
DWIDTH 11 0
BBX 10 7 1 2
BITMAP
0E00
1800
8040
8040
8040
8040
7FC0
ENDCHAR
STARTCHAR 062C
ENCODING 1580
SWIDTH 523 0
DWIDTH 8 0
BBX 7 9 0 -3
BITMAP
7E
18
60
80
8C
80
80
60
3E
ENDCHAR
STARTCHAR 062D
ENCODING 1581
SWIDTH 523 0
DWIDTH 8 0
BBX 7 9 0 -3
BITMAP
7E
18
60
80
80
80
80
60
3E
ENDCHAR
STARTCHAR 062E
ENCODING 1582
SWIDTH 523 0
DWIDTH 8 0
BBX 7 11 0 -3
BITMAP
18
00
7E
18
60
80
80
80
80
60
3E
ENDCHAR
STARTCHAR 062F
ENCODING 1583
SWIDTH 327 0
DWIDTH 5 0
BBX 5 5 1 2
BITMAP
20
10
10
08
F8
ENDCHAR
STARTCHAR 0630
ENCODING 1584
SWIDTH 327 0
DWIDTH 5 0
BBX 5 7 1 2
BITMAP
60
00
20
10
10
08
F8
ENDCHAR
STARTCHAR 0631
ENCODING 1585
SWIDTH 458 0
DWIDTH 7 0
BBX 7 7 1 -1
BITMAP
04
02
02
02
06
8C
78
ENDCHAR
STARTCHAR 0632
ENCODING 1586
SWIDTH 458 0
DWIDTH 7 0
BBX 7 9 1 -1
BITMAP
0C
00
04
02
02
02
06
8C
78
ENDCHAR
STARTCHAR 0633
ENCODING 1587
SWIDTH 785 0
DWIDTH 12 0
BBX 12 7 1 -1
BITMAP
0250
0250
8250
81F0
8200
8600
7C00
ENDCHAR
STARTCHAR 0634
ENCODING 1588
SWIDTH 785 0
DWIDTH 12 0
BBX 12 10 1 -1
BITMAP
00E0
0080
0000
0250
0250
8250
81F0
8200
8600
7C00
ENDCHAR
STARTCHAR 0635
ENCODING 1589
SWIDTH 1047 0
DWIDTH 16 0
BBX 16 7 1 -1
BITMAP
020E
0211
8261
81FF
8200
8600
7C00
ENDCHAR
STARTCHAR 0636
ENCODING 1590
SWIDTH 1047 0
DWIDTH 16 0
BBX 16 9 1 -1
BITMAP
0060
0000
020E
0211
8261
81FF
8200
8600
7C00
ENDCHAR
STARTCHAR 0637
ENCODING 1591
SWIDTH 589 0
DWIDTH 9 0
BBX 9 9 0 3
BITMAP
3000
1000
1000
1000
1000
1000
1780
1880
FF80
ENDCHAR
STARTCHAR 0638
ENCODING 1592
SWIDTH 589 0
DWIDTH 9 0
BBX 9 9 0 3
BITMAP
3000
1000
1000
1200
1000
1000
1780
1880
FF80
ENDCHAR
STARTCHAR 0639
ENCODING 1593
SWIDTH 523 0
DWIDTH 8 0
BBX 7 11 0 -3
BITMAP
70
40
84
68
30
40
80
80
80
40
3E
ENDCHAR
STARTCHAR 063A
ENCODING 1594
SWIDTH 523 0
DWIDTH 8 0
BBX 7 13 0 -3
BITMAP
30
00
70
40
84
68
30
40
80
80
80
40
3E
ENDCHAR
STARTCHAR 0640
ENCODING 1600
SWIDTH 196 0
DWIDTH 3 0
BBX 4 1 0 2
BITMAP
F0
ENDCHAR
STARTCHAR 0641
ENCODING 1601
SWIDTH 785 0
DWIDTH 12 0
BBX 11 7 1 2
BITMAP
00C0
0000
8060
80A0
80E0
8060
7FE0
ENDCHAR
STARTCHAR 0642
ENCODING 1602
SWIDTH 589 0
DWIDTH 9 0
BBX 8 10 1 -1
BITMAP
02
0C
00
06
05
87
81
81
83
7E
ENDCHAR
STARTCHAR 0643
ENCODING 1603
SWIDTH 589 0
DWIDTH 9 0
BBX 9 9 1 3
BITMAP
0100
0900
1100
0D00
0500
8500
B900
8080
FF80
ENDCHAR
STARTCHAR 0644
ENCODING 1604
SWIDTH 523 0
DWIDTH 8 0
BBX 7 12 1 0
BITMAP
04
06
04
02
02
02
02
82
82
82
86
7C
ENDCHAR
STARTCHAR 0645
ENCODING 1605
SWIDTH 327 0
DWIDTH 5 0
BBX 5 7 1 -3
BITMAP
60
10
78
80
80
80
80
ENDCHAR
STARTCHAR 0646
ENCODING 1606
SWIDTH 523 0
DWIDTH 8 0
BBX 7 8 1 -1
BITMAP
18
02
02
82
82
82
86
7C
ENDCHAR
STARTCHAR 0647
ENCODING 1607
SWIDTH 261 0
DWIDTH 4 0
BBX 4 4 0 2
BITMAP
60
90
90
E0
ENDCHAR
STARTCHAR 0648
ENCODING 1608
SWIDTH 392 0
DWIDTH 6 0
BBX 5 6 2 -1
BITMAP
18
28
18
08
10
E0
ENDCHAR
STARTCHAR 0649
ENCODING 1609
SWIDTH 654 0
DWIDTH 10 0
BBX 9 8 0 -1
BITMAP
0180
0200
4400
8400
8780
8080
C300
7C00
ENDCHAR
STARTCHAR 064A
ENCODING 1610
SWIDTH 654 0
DWIDTH 10 0
BBX 9 10 0 -3
BITMAP
0180
0200
4400
8400
8780
8080
C300
7C00
0400
1800
ENDCHAR
STARTCHAR 064B
ENCODING 1611
SWIDTH 196 0
DWIDTH 3 0
BBX 2 4 1 9
BITMAP
40
80
40
80
ENDCHAR
STARTCHAR 064C
ENCODING 1612
SWIDTH 261 0
DWIDTH 4 0
BBX 3 4 1 9
BITMAP
60
C0
C0
80
ENDCHAR
STARTCHAR 064D
ENCODING 1613
SWIDTH 196 0
DWIDTH 3 0
BBX 2 4 1 -3
BITMAP
40
80
40
80
ENDCHAR
STARTCHAR 064E
ENCODING 1614
SWIDTH 196 0
DWIDTH 3 0
BBX 2 2 1 9
BITMAP
40
80
ENDCHAR
STARTCHAR 064F
ENCODING 1615
SWIDTH 196 0
DWIDTH 3 0
BBX 2 4 1 9
BITMAP
40
C0
40
80
ENDCHAR
STARTCHAR 0650
ENCODING 1616
SWIDTH 196 0
DWIDTH 3 0
BBX 2 2 1 0
BITMAP
40
80
ENDCHAR
STARTCHAR 0651
ENCODING 1617
SWIDTH 196 0
DWIDTH 3 0
BBX 2 2 1 10
BITMAP
40
80
ENDCHAR
STARTCHAR 0652
ENCODING 1618
SWIDTH 130 0
DWIDTH 2 0
BBX 1 3 1 9
BITMAP
80
80
80
ENDCHAR
STARTCHAR 0660
ENCODING 1632
SWIDTH 523 0
DWIDTH 8 0
BBX 2 4 3 3
BITMAP
80
C0
C0
40
ENDCHAR
STARTCHAR 0661
ENCODING 1633
SWIDTH 523 0
DWIDTH 8 0
BBX 3 9 2 2
BITMAP
80
C0
40
60
20
20
20
20
20
ENDCHAR
STARTCHAR 0662
ENCODING 1634
SWIDTH 523 0
DWIDTH 8 0
BBX 5 9 1 2
BITMAP
88
F8
60
60
20
30
10
10
10
ENDCHAR
STARTCHAR 0663
ENCODING 1635
SWIDTH 523 0
DWIDTH 8 0
BBX 6 9 1 2
BITMAP
90
FC
C0
40
60
20
20
20
20
ENDCHAR
STARTCHAR 0664
ENCODING 1636
SWIDTH 523 0
DWIDTH 8 0
BBX 4 8 2 3
BITMAP
60
80
C0
60
20
40
C0
70
ENDCHAR
STARTCHAR 0665
ENCODING 1637
SWIDTH 523 0
DWIDTH 8 0
BBX 6 5 1 4
BITMAP
30
C8
84
88
70
ENDCHAR
STARTCHAR 0666
ENCODING 1638
SWIDTH 523 0
DWIDTH 8 0
BBX 5 9 1 2
BITMAP
80
F0
10
10
10
10
10
08
08
ENDCHAR
STARTCHAR 0667
ENCODING 1639
SWIDTH 523 0
DWIDTH 8 0
BBX 5 8 1 2
BITMAP
80
88
48
50
50
30
30
20
ENDCHAR
STARTCHAR 0668
ENCODING 1640
SWIDTH 523 0
DWIDTH 8 0
BBX 6 8 1 3
BITMAP
20
60
50
50
50
88
84
04
ENDCHAR
STARTCHAR 0669
ENCODING 1641
SWIDTH 523 0
DWIDTH 8 0
BBX 4 9 2 2
BITMAP
60
A0
A0
E0
20
20
10
10
10
ENDCHAR
STARTCHAR 066A
ENCODING 1642
SWIDTH 523 0
DWIDTH 8 0
BBX 6 11 1 1
BITMAP
C4
08
08
10
10
20
20
40
40
80
8C
ENDCHAR
STARTCHAR 066B
ENCODING 1643
SWIDTH 327 0
DWIDTH 5 0
BBX 2 3 1 0
BITMAP
C0
40
80
ENDCHAR
STARTCHAR 066D
ENCODING 1645
SWIDTH 523 0
DWIDTH 8 0
BBX 5 5 1 6
BITMAP
68
50
F8
50
68
ENDCHAR
STARTCHAR 0671
ENCODING 1649
SWIDTH 720 0
DWIDTH 11 0
BBX 7 9 2 0
BITMAP
FE
82
82
82
82
82
82
82
FE
ENDCHAR
STARTCHAR 067E
ENCODING 1662
SWIDTH 720 0
DWIDTH 11 0
BBX 10 8 1 -1
BITMAP
8040
8040
8040
8040
7FC0
0000
0600
0E00
ENDCHAR
STARTCHAR 0686
ENCODING 1670
SWIDTH 523 0
DWIDTH 8 0
BBX 7 9 0 -3
BITMAP
7E
18
60
80
84
9C
80
60
3E
ENDCHAR
STARTCHAR 0698
ENCODING 1688
SWIDTH 458 0
DWIDTH 7 0
BBX 7 10 1 -1
BITMAP
0E
18
00
04
02
02
02
06
8C
78
ENDCHAR
STARTCHAR 06A4
ENCODING 1700
SWIDTH 720 0
DWIDTH 11 0
BBX 7 9 2 0
BITMAP
FE
82
82
82
82
82
82
82
FE
ENDCHAR
STARTCHAR 06A9
ENCODING 1705
SWIDTH 785 0
DWIDTH 12 0
BBX 12 9 1 2
BITMAP
0020
00C0
0100
0300
0180
80C0
8020
8020
FFF0
ENDCHAR
STARTCHAR 06AF
ENCODING 1711
SWIDTH 785 0
DWIDTH 12 0
BBX 12 11 1 2
BITMAP
0020
00C0
0320
00C0
0100
0300
0180
80C0
8020
8020
FFF0
ENDCHAR
STARTCHAR 06CC
ENCODING 1740
SWIDTH 654 0
DWIDTH 10 0
BBX 9 8 0 -1
BITMAP
0180
0200
4400
8400
8780
8080
C300
7C00
ENDCHAR
STARTCHAR 06D5
ENCODING 1749
SWIDTH 261 0
DWIDTH 4 0
BBX 4 4 0 2
BITMAP
60
90
90
E0
ENDCHAR
STARTCHAR 06F0
ENCODING 1776
SWIDTH 523 0
DWIDTH 8 0
BBX 2 4 3 3
BITMAP
80
C0
C0
40
ENDCHAR
STARTCHAR 06F1
ENCODING 1777
SWIDTH 523 0
DWIDTH 8 0
BBX 3 9 2 2
BITMAP
80
C0
40
60
20
20
20
20
20
ENDCHAR
STARTCHAR 06F2
ENCODING 1778
SWIDTH 523 0
DWIDTH 8 0
BBX 5 9 1 2
BITMAP
88
F8
60
60
20
30
10
10
10
ENDCHAR
STARTCHAR 06F3
ENCODING 1779
SWIDTH 523 0
DWIDTH 8 0
BBX 6 9 1 2
BITMAP
90
FC
C0
40
60
20
20
20
20
ENDCHAR
STARTCHAR 06F4
ENCODING 1780
SWIDTH 523 0
DWIDTH 8 0
BBX 6 9 1 2
BITMAP
18
A0
E4
78
60
20
20
20
20
ENDCHAR
STARTCHAR 06F5
ENCODING 1781
SWIDTH 523 0
DWIDTH 8 0
BBX 6 9 1 2
BITMAP
20
30
50
48
88
84
84
88
78
ENDCHAR
STARTCHAR 06F6
ENCODING 1782
SWIDTH 523 0
DWIDTH 8 0
BBX 4 8 2 2
BITMAP
60
80
90
E0
40
40
80
80
ENDCHAR
STARTCHAR 06F7
ENCODING 1783
SWIDTH 523 0
DWIDTH 8 0
BBX 5 8 1 2
BITMAP
80
88
48
50
50
30
30
20
ENDCHAR
STARTCHAR 06F8
ENCODING 1784
SWIDTH 523 0
DWIDTH 8 0
BBX 6 8 1 3
BITMAP
20
60
50
50
50
88
84
04
ENDCHAR
STARTCHAR 06F9
ENCODING 1785
SWIDTH 523 0
DWIDTH 8 0
BBX 4 9 2 2
BITMAP
60
A0
A0
E0
20
20
10
10
10
ENDCHAR
STARTCHAR 1E80
ENCODING 7808
SWIDTH 916 0
DWIDTH 14 0
BBX 14 14 0 0
BITMAP
0200
0100
0000
C30C
430C
4388
4688
6488
2498
2CD0
2850
3850
1860
1820
ENDCHAR
STARTCHAR 1E81
ENCODING 7809
SWIDTH 720 0
DWIDTH 11 0
BBX 11 11 0 0
BITMAP
0800
0400
0000
C460
CC40
4A40
4AC0
6A80
3280
3180
3100
ENDCHAR
STARTCHAR 1E82
ENCODING 7810
SWIDTH 916 0
DWIDTH 14 0
BBX 14 14 0 0
BITMAP
0180
0100
0000
C30C
430C
4388
4688
6488
2498
2CD0
2850
3850
1860
1820
ENDCHAR
STARTCHAR 1E83
ENCODING 7811
SWIDTH 720 0
DWIDTH 11 0
BBX 11 11 0 0
BITMAP
0600
0400
0000
C460
CC40
4A40
4AC0
6A80
3280
3180
3100
ENDCHAR
STARTCHAR 1E84
ENCODING 7812
SWIDTH 916 0
DWIDTH 14 0
BBX 14 13 0 0
BITMAP
0480
0000
C30C
430C
4388
4688
6488
2498
2CD0
2850
3850
1860
1820
ENDCHAR
STARTCHAR 1E85
ENCODING 7813
SWIDTH 720 0
DWIDTH 11 0
BBX 11 10 0 0
BITMAP
1B00
0000
C460
CC40
4A40
4AC0
6A80
3280
3180
3100
ENDCHAR
STARTCHAR 1EA0
ENCODING 7840
SWIDTH 654 0
DWIDTH 10 0
BBX 10 13 0 -2
BITMAP
0C00
0C00
1E00
1200
3200
3300
2100
7F80
4180
4080
C0C0
0000
0C00
ENDCHAR
STARTCHAR 1EA1
ENCODING 7841
SWIDTH 523 0
DWIDTH 8 0
BBX 7 10 1 -2
BITMAP
7C
84
04
3C
E4
84
8C
F6
00
30
ENDCHAR
STARTCHAR 1EA2
ENCODING 7842
SWIDTH 654 0
DWIDTH 10 0
BBX 10 14 0 0
BITMAP
1E00
0800
0000
0C00
0C00
1E00
1200
3200
3300
2100
7F80
4180
4080
C0C0
ENDCHAR
STARTCHAR 1EA3
ENCODING 7843
SWIDTH 523 0
DWIDTH 8 0
BBX 7 12 1 0
BITMAP
38
08
18
00
7C
84
04
3C
E4
84
8C
F6
ENDCHAR
STARTCHAR 1EA4
ENCODING 7844
SWIDTH 654 0
DWIDTH 10 0
BBX 10 14 0 0
BITMAP
0400
0C00
1600
0C00
0C00
1E00
1200
3200
3300
2100
7F80
4180
4080
C0C0
ENDCHAR
STARTCHAR 1EA5
ENCODING 7845
SWIDTH 523 0
DWIDTH 8 0
BBX 7 14 1 0
BITMAP
18
10
00
30
68
00
7C
84
04
3C
E4
84
8C
F6
ENDCHAR
STARTCHAR 1EA6
ENCODING 7846
SWIDTH 654 0
DWIDTH 10 0
BBX 10 14 0 0
BITMAP
1800
0C00
1600
0C00
0C00
1E00
1200
3200
3300
2100
7F80
4180
4080
C0C0
ENDCHAR
STARTCHAR 1EA7
ENCODING 7847
SWIDTH 523 0
DWIDTH 8 0
BBX 7 14 1 0
BITMAP
60
30
00
30
68
00
7C
84
04
3C
E4
84
8C
F6
ENDCHAR
STARTCHAR 1EA8
ENCODING 7848
SWIDTH 654 0
DWIDTH 10 0
BBX 10 14 0 0
BITMAP
0C00
0C00
1600
0C00
0C00
1E00
1200
3200
3300
2100
7F80
4180
4080
C0C0
ENDCHAR
STARTCHAR 1EA9
ENCODING 7849
SWIDTH 523 0
DWIDTH 8 0
BBX 7 14 1 0
BITMAP
38
10
00
30
68
00
7C
84
04
3C
E4
84
8C
F6
ENDCHAR
STARTCHAR 1EAA
ENCODING 7850
SWIDTH 654 0
DWIDTH 10 0
BBX 10 14 0 0
BITMAP
1A00
2E00
1600
0C00
0C00
1E00
1200
3200
3300
2100
7F80
4180
4080
C0C0
ENDCHAR
STARTCHAR 1EAB
ENCODING 7851
SWIDTH 523 0
DWIDTH 8 0
BBX 7 14 1 0
BITMAP
64
58
00
30
68
00
7C
84
04
3C
E4
84
8C
F6
ENDCHAR
STARTCHAR 1EAC
ENCODING 7852
SWIDTH 654 0
DWIDTH 10 0
BBX 10 16 0 -2
BITMAP
0C00
1600
0000
0C00
0C00
1E00
1200
3200
3300
2100
7F80
4180
4080
C0C0
0000
0C00
ENDCHAR
STARTCHAR 1EAD
ENCODING 7853
SWIDTH 523 0
DWIDTH 8 0
BBX 7 13 1 -2
BITMAP
30
68
00
7C
84
04
3C
E4
84
8C
F6
00
30
ENDCHAR
STARTCHAR 1EAE
ENCODING 7854
SWIDTH 654 0
DWIDTH 10 0
BBX 10 14 0 0
BITMAP
0400
1E00
0C00
0C00
0C00
1E00
1200
3200
3300
2100
7F80
4180
4080
C0C0
ENDCHAR
STARTCHAR 1EAF
ENCODING 7855
SWIDTH 523 0
DWIDTH 8 0
BBX 7 14 1 0
BITMAP
18
10
00
48
38
00
7C
84
04
3C
E4
84
8C
F6
ENDCHAR
STARTCHAR 1EB0
ENCODING 7856
SWIDTH 654 0
DWIDTH 10 0
BBX 10 14 0 0
BITMAP
1800
1A00
0C00
0C00
0C00
1E00
1200
3200
3300
2100
7F80
4180
4080
C0C0
ENDCHAR
STARTCHAR 1EB1
ENCODING 7857
SWIDTH 523 0
DWIDTH 8 0
BBX 7 14 1 0
BITMAP
20
10
00
48
38
00
7C
84
04
3C
E4
84
8C
F6
ENDCHAR
STARTCHAR 1EB2
ENCODING 7858
SWIDTH 654 0
DWIDTH 10 0
BBX 10 14 0 0
BITMAP
0C00
1600
0C00
0C00
0C00
1E00
1200
3200
3300
2100
7F80
4180
4080
C0C0
ENDCHAR
STARTCHAR 1EB3
ENCODING 7859
SWIDTH 523 0
DWIDTH 8 0
BBX 7 14 1 0
BITMAP
38
10
00
48
38
00
7C
84
04
3C
E4
84
8C
F6
ENDCHAR
STARTCHAR 1EB4
ENCODING 7860
SWIDTH 654 0
DWIDTH 10 0
BBX 10 14 0 0
BITMAP
1A00
1600
0C00
0C00
0C00
1E00
1200
3200
3300
2100
7F80
4180
4080
C0C0
ENDCHAR
STARTCHAR 1EB5
ENCODING 7861
SWIDTH 523 0
DWIDTH 8 0
BBX 7 14 1 0
BITMAP
74
58
00
48
38
00
7C
84
04
3C
E4
84
8C
F6
ENDCHAR
STARTCHAR 1EB6
ENCODING 7862
SWIDTH 654 0
DWIDTH 10 0
BBX 10 16 0 -2
BITMAP
1200
0C00
0000
0C00
0C00
1E00
1200
3200
3300
2100
7F80
4180
4080
C0C0
0000
0C00
ENDCHAR
STARTCHAR 1EB7
ENCODING 7863
SWIDTH 523 0
DWIDTH 8 0
BBX 7 13 1 -2
BITMAP
48
38
00
7C
84
04
3C
E4
84
8C
F6
00
30
ENDCHAR
STARTCHAR 1EB8
ENCODING 7864
SWIDTH 654 0
DWIDTH 10 0
BBX 8 13 1 -2
BITMAP
FF
C0
C0
C0
C0
FF
C0
C0
C0
C0
FF
00
18
ENDCHAR
STARTCHAR 1EB9
ENCODING 7865
SWIDTH 523 0
DWIDTH 8 0
BBX 7 10 1 -2
BITMAP
78
C4
86
FE
80
80
C4
78
00
30
ENDCHAR
STARTCHAR 1EBA
ENCODING 7866
SWIDTH 654 0
DWIDTH 10 0
BBX 8 14 1 0
BITMAP
1C
08
00
FF
C0
C0
C0
C0
FF
C0
C0
C0
C0
FF
ENDCHAR
STARTCHAR 1EBB
ENCODING 7867
SWIDTH 523 0
DWIDTH 8 0
BBX 7 12 1 0
BITMAP
30
08
18
00
78
C4
86
FE
80
80
C4
78
ENDCHAR
STARTCHAR 1EBC
ENCODING 7868
SWIDTH 654 0
DWIDTH 10 0
BBX 8 14 1 0
BITMAP
32
2C
00
FF
C0
C0
C0
C0
FF
C0
C0
C0
C0
FF
ENDCHAR
STARTCHAR 1EBD
ENCODING 7869
SWIDTH 523 0
DWIDTH 8 0
BBX 7 11 1 0
BITMAP
64
58
00
78
C4
86
FE
80
80
C4
78
ENDCHAR
STARTCHAR 1EBE
ENCODING 7870
SWIDTH 654 0
DWIDTH 10 0
BBX 8 14 1 0
BITMAP
0C
18
34
FF
C0
C0
C0
C0
FF
C0
C0
C0
C0
FF
ENDCHAR
STARTCHAR 1EBF
ENCODING 7871
SWIDTH 523 0
DWIDTH 8 0
BBX 7 14 1 0
BITMAP
18
10
00
30
68
00
78
C4
86
FE
80
80
C4
78
ENDCHAR
STARTCHAR 1EC0
ENCODING 7872
SWIDTH 654 0
DWIDTH 10 0
BBX 8 14 1 0
BITMAP
10
18
34
FF
C0
C0
C0
C0
FF
C0
C0
C0
C0
FF
ENDCHAR
STARTCHAR 1EC1
ENCODING 7873
SWIDTH 523 0
DWIDTH 8 0
BBX 7 14 1 0
BITMAP
60
30
00
30
68
00
78
C4
86
FE
80
80
C4
78
ENDCHAR
STARTCHAR 1EC2
ENCODING 7874
SWIDTH 654 0
DWIDTH 10 0
BBX 8 14 1 0
BITMAP
18
18
34
FF
C0
C0
C0
C0
FF
C0
C0
C0
C0
FF
ENDCHAR
STARTCHAR 1EC3
ENCODING 7875
SWIDTH 523 0
DWIDTH 8 0
BBX 7 14 1 0
BITMAP
38
10
00
30
68
00
78
C4
86
FE
80
80
C4
78
ENDCHAR
STARTCHAR 1EC4
ENCODING 7876
SWIDTH 654 0
DWIDTH 10 0
BBX 8 14 1 0
BITMAP
34
5C
34
FF
C0
C0
C0
C0
FF
C0
C0
C0
C0
FF
ENDCHAR
STARTCHAR 1EC5
ENCODING 7877
SWIDTH 523 0
DWIDTH 8 0
BBX 7 14 1 0
BITMAP
64
58
00
30
68
00
78
C4
86
FE
80
80
C4
78
ENDCHAR
STARTCHAR 1EC6
ENCODING 7878
SWIDTH 654 0
DWIDTH 10 0
BBX 8 16 1 -2
BITMAP
18
34
00
FF
C0
C0
C0
C0
FF
C0
C0
C0
C0
FF
00
18
ENDCHAR
STARTCHAR 1EC7
ENCODING 7879
SWIDTH 523 0
DWIDTH 8 0
BBX 7 13 1 -2
BITMAP
30
68
00
78
C4
86
FE
80
80
C4
78
00
30
ENDCHAR
STARTCHAR 1EC8
ENCODING 7880
SWIDTH 261 0
DWIDTH 4 0
BBX 3 14 1 0
BITMAP
E0
40
00
C0
C0
C0
C0
C0
C0
C0
C0
C0
C0
C0
ENDCHAR
STARTCHAR 1EC9
ENCODING 7881
SWIDTH 196 0
DWIDTH 3 0
BBX 3 12 0 0
BITMAP
E0
20
60
00
40
40
40
40
40
40
40
40
ENDCHAR
STARTCHAR 1ECA
ENCODING 7882
SWIDTH 261 0
DWIDTH 4 0
BBX 2 13 1 -2
BITMAP
C0
C0
C0
C0
C0
C0
C0
C0
C0
C0
C0
00
C0
ENDCHAR
STARTCHAR 1ECB
ENCODING 7883
SWIDTH 196 0
DWIDTH 3 0
BBX 1 13 1 -2
BITMAP
80
00
00
80
80
80
80
80
80
80
80
00
80
ENDCHAR
STARTCHAR 1ECC
ENCODING 7884
SWIDTH 785 0
DWIDTH 12 0
BBX 10 13 1 -2
BITMAP
1E00
6180
C080
80C0
80C0
8040
80C0
80C0
C080
6180
1E00
0000
0C00
ENDCHAR
STARTCHAR 1ECD
ENCODING 7885
SWIDTH 523 0
DWIDTH 8 0
BBX 7 10 1 -2
BITMAP
78
C4
86
86
86
86
C4
78
00
30
ENDCHAR
STARTCHAR 1ECE
ENCODING 7886
SWIDTH 785 0
DWIDTH 12 0
BBX 10 14 1 0
BITMAP
1E00
0800
0000
1E00
6180
C080
80C0
80C0
8040
80C0
80C0
C080
6180
1E00
ENDCHAR
STARTCHAR 1ECF
ENCODING 7887
SWIDTH 523 0
DWIDTH 8 0
BBX 7 12 1 0
BITMAP
30
08
18
00
78
C4
86
86
86
86
C4
78
ENDCHAR
STARTCHAR 1ED0
ENCODING 7888
SWIDTH 785 0
DWIDTH 12 0
BBX 10 14 1 0
BITMAP
0400
0C00
1600
1E00
6180
C080
80C0
80C0
8040
80C0
80C0
C080
6180
1E00
ENDCHAR
STARTCHAR 1ED1
ENCODING 7889
SWIDTH 523 0
DWIDTH 8 0
BBX 7 14 1 0
BITMAP
18
10
00
30
68
00
78
C4
86
86
86
86
C4
78
ENDCHAR
STARTCHAR 1ED2
ENCODING 7890
SWIDTH 785 0
DWIDTH 12 0
BBX 10 14 1 0
BITMAP
1800
0C00
1600
1E00
6180
C080
80C0
80C0
8040
80C0
80C0
C080
6180
1E00
ENDCHAR
STARTCHAR 1ED3
ENCODING 7891
SWIDTH 523 0
DWIDTH 8 0
BBX 7 14 1 0
BITMAP
60
30
00
30
68
00
78
C4
86
86
86
86
C4
78
ENDCHAR
STARTCHAR 1ED4
ENCODING 7892
SWIDTH 785 0
DWIDTH 12 0
BBX 10 14 1 0
BITMAP
0C00
0C00
1600
1E00
6180
C080
80C0
80C0
8040
80C0
80C0
C080
6180
1E00
ENDCHAR
STARTCHAR 1ED5
ENCODING 7893
SWIDTH 523 0
DWIDTH 8 0
BBX 7 14 1 0
BITMAP
38
10
00
30
68
00
78
C4
86
86
86
86
C4
78
ENDCHAR
STARTCHAR 1ED6
ENCODING 7894
SWIDTH 785 0
DWIDTH 12 0
BBX 10 14 1 0
BITMAP
1A00
2E00
1600
1E00
6180
C080
80C0
80C0
8040
80C0
80C0
C080
6180
1E00
ENDCHAR
STARTCHAR 1ED7
ENCODING 7895
SWIDTH 523 0
DWIDTH 8 0
BBX 7 14 1 0
BITMAP
64
58
00
30
68
00
78
C4
86
86
86
86
C4
78
ENDCHAR
STARTCHAR 1ED8
ENCODING 7896
SWIDTH 785 0
DWIDTH 12 0
BBX 10 16 1 -2
BITMAP
0C00
1600
0000
1E00
6180
C080
80C0
80C0
8040
80C0
80C0
C080
6180
1E00
0000
0C00
ENDCHAR
STARTCHAR 1ED9
ENCODING 7897
SWIDTH 523 0
DWIDTH 8 0
BBX 7 13 1 -2
BITMAP
30
68
00
78
C4
86
86
86
86
C4
78
00
30
ENDCHAR
STARTCHAR 1EDA
ENCODING 7898
SWIDTH 850 0
DWIDTH 13 0
BBX 12 14 1 0
BITMAP
0400
0800
0000
1E30
6190
C0A0
80E0
80C0
8040
80C0
80C0
C080
6180
1E00
ENDCHAR
STARTCHAR 1EDB
ENCODING 7899
SWIDTH 654 0
DWIDTH 10 0
BBX 8 11 1 0
BITMAP
18
10
00
79
C5
87
86
86
86
C4
78
ENDCHAR
STARTCHAR 1EDC
ENCODING 7900
SWIDTH 850 0
DWIDTH 13 0
BBX 12 14 1 0
BITMAP
1800
0800
0000
1E30
6190
C0A0
80E0
80C0
8040
80C0
80C0
C080
6180
1E00
ENDCHAR
STARTCHAR 1EDD
ENCODING 7901
SWIDTH 654 0
DWIDTH 10 0
BBX 8 11 1 0
BITMAP
20
10
00
79
C5
87
86
86
86
C4
78
ENDCHAR
STARTCHAR 1EDE
ENCODING 7902
SWIDTH 850 0
DWIDTH 13 0
BBX 12 14 1 0
BITMAP
1E00
0800
0000
1E30
6190
C0A0
80E0
80C0
8040
80C0
80C0
C080
6180
1E00
ENDCHAR
STARTCHAR 1EDF
ENCODING 7903
SWIDTH 654 0
DWIDTH 10 0
BBX 8 12 1 0
BITMAP
30
08
18
00
79
C5
87
86
86
86
C4
78
ENDCHAR
STARTCHAR 1EE0
ENCODING 7904
SWIDTH 850 0
DWIDTH 13 0
BBX 12 14 1 0
BITMAP
1A00
2600
0000
1E30
6190
C0A0
80E0
80C0
8040
80C0
80C0
C080
6180
1E00
ENDCHAR
STARTCHAR 1EE1
ENCODING 7905
SWIDTH 654 0
DWIDTH 10 0
BBX 8 11 1 0
BITMAP
64
58
00
79
C5
87
86
86
86
C4
78
ENDCHAR
STARTCHAR 1EE2
ENCODING 7906
SWIDTH 850 0
DWIDTH 13 0
BBX 12 13 1 -2
BITMAP
1E30
6190
C0A0
80E0
80C0
8040
80C0
80C0
C080
6180
1E00
0000
0C00
ENDCHAR
STARTCHAR 1EE3
ENCODING 7907
SWIDTH 654 0
DWIDTH 10 0
BBX 8 10 1 -2
BITMAP
79
C5
87
86
86
86
C4
78
00
30
ENDCHAR
STARTCHAR 1EE4
ENCODING 7908
SWIDTH 720 0
DWIDTH 11 0
BBX 9 13 1 -2
BITMAP
C180
C180
C180
C180
C180
C180
C180
C180
C100
6300
3E00
0000
0800
ENDCHAR
STARTCHAR 1EE5
ENCODING 7909
SWIDTH 523 0
DWIDTH 8 0
BBX 6 10 1 -2
BITMAP
84
84
84
84
84
84
CC
74
00
30
ENDCHAR
STARTCHAR 1EE6
ENCODING 7910
SWIDTH 720 0
DWIDTH 11 0
BBX 9 14 1 0
BITMAP
1C00
0800
0000
C180
C180
C180
C180
C180
C180
C180
C180
C100
6300
3E00
ENDCHAR
STARTCHAR 1EE7
ENCODING 7911
SWIDTH 523 0
DWIDTH 8 0
BBX 6 12 1 0
BITMAP
30
08
18
00
84
84
84
84
84
84
CC
74
ENDCHAR
STARTCHAR 1EE8
ENCODING 7912
SWIDTH 850 0
DWIDTH 13 0
BBX 11 14 1 0
BITMAP
0C00
0800
0000
C1A0
C1A0
C1A0
C1C0
C180
C180
C180
C180
C100
6300
3E00
ENDCHAR
STARTCHAR 1EE9
ENCODING 7913
SWIDTH 654 0
DWIDTH 10 0
BBX 9 11 1 0
BITMAP
1800
1000
0000
8580
8480
8500
8700
8400
8400
CC00
7400
ENDCHAR
STARTCHAR 1EEA
ENCODING 7914
SWIDTH 850 0
DWIDTH 13 0
BBX 11 14 1 0
BITMAP
1800
0800
0000
C1A0
C1A0
C1A0
C1C0
C180
C180
C180
C180
C100
6300
3E00
ENDCHAR
STARTCHAR 1EEB
ENCODING 7915
SWIDTH 654 0
DWIDTH 10 0
BBX 9 11 1 0
BITMAP
2000
1000
0000
8580
8480
8500
8700
8400
8400
CC00
7400
ENDCHAR
STARTCHAR 1EEC
ENCODING 7916
SWIDTH 850 0
DWIDTH 13 0
BBX 11 14 1 0
BITMAP
1C00
0800
0000
C1A0
C1A0
C1A0
C1C0
C180
C180
C180
C180
C100
6300
3E00
ENDCHAR
STARTCHAR 1EED
ENCODING 7917
SWIDTH 654 0
DWIDTH 10 0
BBX 9 12 1 0
BITMAP
3000
0800
1800
0000
8580
8480
8500
8700
8400
8400
CC00
7400
ENDCHAR
STARTCHAR 1EEE
ENCODING 7918
SWIDTH 850 0
DWIDTH 13 0
BBX 11 14 1 0
BITMAP
1A00
2E00
0000
C1A0
C1A0
C1A0
C1C0
C180
C180
C180
C180
C100
6300
3E00
ENDCHAR
STARTCHAR 1EEF
ENCODING 7919
SWIDTH 654 0
DWIDTH 10 0
BBX 9 11 1 0
BITMAP
6400
5800
0000
8580
8480
8500
8700
8400
8400
CC00
7400
ENDCHAR
STARTCHAR 1EF0
ENCODING 7920
SWIDTH 850 0
DWIDTH 13 0
BBX 11 13 1 -2
BITMAP
C1A0
C1A0
C1A0
C1C0
C180
C180
C180
C180
C100
6300
3E00
0000
0800
ENDCHAR
STARTCHAR 1EF1
ENCODING 7921
SWIDTH 654 0
DWIDTH 10 0
BBX 9 10 1 -2
BITMAP
8580
8480
8500
8700
8400
8400
CC00
7400
0000
3000
ENDCHAR
STARTCHAR 1EF2
ENCODING 7922
SWIDTH 654 0
DWIDTH 10 0
BBX 10 14 0 0
BITMAP
0800
0C00
0000
C0C0
6180
2100
3300
1E00
0C00
0C00
0C00
0C00
0C00
0C00
ENDCHAR
STARTCHAR 1EF3
ENCODING 7923
SWIDTH 523 0
DWIDTH 8 0
BBX 7 14 0 -3
BITMAP
30
18
00
C2
42
64
24
2C
38
18
18
10
10
60
ENDCHAR
STARTCHAR 1EF4
ENCODING 7924
SWIDTH 654 0
DWIDTH 10 0
BBX 10 13 0 -2
BITMAP
C0C0
6180
2100
3300
1E00
0C00
0C00
0C00
0C00
0C00
0C00
0000
0C00
ENDCHAR
STARTCHAR 1EF5
ENCODING 7925
SWIDTH 523 0
DWIDTH 8 0
BBX 7 11 0 -3
BITMAP
C2
42
64
24
2C
38
18
18
10
16
60
ENDCHAR
STARTCHAR 1EF6
ENCODING 7926
SWIDTH 654 0
DWIDTH 10 0
BBX 10 14 0 0
BITMAP
0E00
0800
0000
C0C0
6180
2100
3300
1E00
0C00
0C00
0C00
0C00
0C00
0C00
ENDCHAR
STARTCHAR 1EF7
ENCODING 7927
SWIDTH 523 0
DWIDTH 8 0
BBX 7 15 0 -3
BITMAP
38
0C
18
00
C2
42
64
24
2C
38
18
18
10
10
60
ENDCHAR
STARTCHAR 1EF8
ENCODING 7928
SWIDTH 654 0
DWIDTH 10 0
BBX 10 14 0 0
BITMAP
1900
1600
0000
C0C0
6180
2100
3300
1E00
0C00
0C00
0C00
0C00
0C00
0C00
ENDCHAR
STARTCHAR 1EF9
ENCODING 7929
SWIDTH 523 0
DWIDTH 8 0
BBX 7 14 0 -3
BITMAP
34
4C
00
C2
42
64
24
2C
38
18
18
10
10
60
ENDCHAR
STARTCHAR 200C
ENCODING 8204
SWIDTH 0 0
DWIDTH 0 0
BBX 1 11 0 -2
BITMAP
80
80
80
80
80
80
80
80
80
80
80
ENDCHAR
STARTCHAR 200D
ENCODING 8205
SWIDTH 0 0
DWIDTH 0 0
BBX 4 13 -2 -1
BITMAP
F0
40
F0
40
40
40
40
40
40
40
40
40
40
ENDCHAR
STARTCHAR 200E
ENCODING 8206
SWIDTH 0 0
DWIDTH 0 0
BBX 3 11 0 -1
BITMAP
E0
80
80
80
80
80
80
80
80
80
80
ENDCHAR
STARTCHAR 200F
ENCODING 8207
SWIDTH 0 0
DWIDTH 0 0
BBX 3 11 -3 -1
BITMAP
E0
20
20
20
20
20
20
20
20
20
20
ENDCHAR
STARTCHAR 2013
ENCODING 8211
SWIDTH 523 0
DWIDTH 8 0
BBX 8 1 0 3
BITMAP
FF
ENDCHAR
STARTCHAR 2014
ENCODING 8212
SWIDTH 981 0
DWIDTH 15 0
BBX 15 1 0 3
BITMAP
FFFE
ENDCHAR
STARTCHAR 2015
ENCODING 8213
SWIDTH 981 0
DWIDTH 15 0
BBX 15 1 0 3
BITMAP
FFFE
ENDCHAR
STARTCHAR 2017
ENCODING 8215
SWIDTH 523 0
DWIDTH 8 0
BBX 9 3 0 -5
BITMAP
FF80
0000
FF80
ENDCHAR
STARTCHAR 2018
ENCODING 8216
SWIDTH 196 0
DWIDTH 3 0
BBX 1 3 1 8
BITMAP
80
80
80
ENDCHAR
STARTCHAR 2019
ENCODING 8217
SWIDTH 196 0
DWIDTH 3 0
BBX 1 4 1 7
BITMAP
80
80
80
80
ENDCHAR
STARTCHAR 201A
ENCODING 8218
SWIDTH 196 0
DWIDTH 3 0
BBX 1 4 1 -3
BITMAP
80
80
80
80
ENDCHAR
STARTCHAR 201B
ENCODING 8219
SWIDTH 196 0
DWIDTH 3 0
BBX 1 4 1 7
BITMAP
80
80
80
80
ENDCHAR
STARTCHAR 201C
ENCODING 8220
SWIDTH 327 0
DWIDTH 5 0
BBX 3 4 1 8
BITMAP
A0
A0
A0
A0
ENDCHAR
STARTCHAR 201D
ENCODING 8221
SWIDTH 327 0
DWIDTH 5 0
BBX 3 4 1 7
BITMAP
A0
A0
A0
A0
ENDCHAR
STARTCHAR 201E
ENCODING 8222
SWIDTH 327 0
DWIDTH 5 0
BBX 3 4 1 -3
BITMAP
A0
A0
A0
A0
ENDCHAR
STARTCHAR 2020
ENCODING 8224
SWIDTH 523 0
DWIDTH 8 0
BBX 7 14 1 -3
BITMAP
30
30
30
FE
30
30
30
30
30
30
30
30
30
30
ENDCHAR
STARTCHAR 2021
ENCODING 8225
SWIDTH 523 0
DWIDTH 8 0
BBX 7 14 1 -3
BITMAP
30
30
30
FE
30
30
30
30
30
30
FE
30
30
30
ENDCHAR
STARTCHAR 2022
ENCODING 8226
SWIDTH 327 0
DWIDTH 5 0
BBX 3 4 1 3
BITMAP
E0
E0
E0
E0
ENDCHAR
STARTCHAR 2026
ENCODING 8230
SWIDTH 981 0
DWIDTH 15 0
BBX 11 1 2 0
BITMAP
8420
ENDCHAR
STARTCHAR 202A
ENCODING 8234
SWIDTH 0 0
DWIDTH 0 0
BBX 3 11 0 -2
BITMAP
E0
80
80
80
80
80
80
80
80
80
80
ENDCHAR
STARTCHAR 202B
ENCODING 8235
SWIDTH 0 0
DWIDTH 0 0
BBX 3 11 -3 -2
BITMAP
E0
20
20
20
20
20
20
20
20
20
20
ENDCHAR
STARTCHAR 202C
ENCODING 8236
SWIDTH 0 0
DWIDTH 0 0
BBX 4 12 -2 -2
BITMAP
F0
F0
F0
40
40
40
40
40
40
40
40
40
ENDCHAR
STARTCHAR 202D
ENCODING 8237
SWIDTH 0 0
DWIDTH 0 0
BBX 4 13 -2 -2
BITMAP
F0
80
80
F0
40
40
40
40
40
40
40
40
40
ENDCHAR
STARTCHAR 202E
ENCODING 8238
SWIDTH 0 0
DWIDTH 0 0
BBX 4 13 -2 -2
BITMAP
F0
10
10
F0
40
40
40
40
40
40
40
40
40
ENDCHAR
STARTCHAR 2030
ENCODING 8240
SWIDTH 981 0
DWIDTH 15 0
BBX 15 11 0 0
BITMAP
7100
D200
9200
9400
D400
779C
0AD6
0A52
1252
12D6
139C
ENDCHAR
STARTCHAR 2032
ENCODING 8242
SWIDTH 196 0
DWIDTH 3 0
BBX 2 4 1 7
BITMAP
C0
C0
80
80
ENDCHAR
STARTCHAR 2033
ENCODING 8243
SWIDTH 327 0
DWIDTH 5 0
BBX 4 4 1 7
BITMAP
F0
F0
A0
A0
ENDCHAR
STARTCHAR 2039
ENCODING 8249
SWIDTH 327 0
DWIDTH 5 0
BBX 3 7 1 1
BITMAP
20
40
C0
80
C0
40
20
ENDCHAR
STARTCHAR 203A
ENCODING 8250
SWIDTH 327 0
DWIDTH 5 0
BBX 3 7 1 1
BITMAP
80
40
40
20
40
C0
80
ENDCHAR
STARTCHAR 203C
ENCODING 8252
SWIDTH 523 0
DWIDTH 8 0
BBX 5 11 1 0
BITMAP
C8
C8
C8
C8
C8
C8
48
48
48
00
C8
ENDCHAR
STARTCHAR 203E
ENCODING 8254
SWIDTH 327 0
DWIDTH 5 0
BBX 5 1 0 9
BITMAP
F8
ENDCHAR
STARTCHAR 2044
ENCODING 8260
SWIDTH 196 0
DWIDTH 3 0
BBX 9 11 -3 0
BITMAP
0180
0100
0200
0400
0C00
0800
1000
2000
2000
4000
8000
ENDCHAR
STARTCHAR 206A
ENCODING 8298
SWIDTH 0 0
DWIDTH 0 0
BBX 4 13 -2 -2
BITMAP
F0
40
40
F0
40
40
40
40
40
40
40
40
40
ENDCHAR
STARTCHAR 206B
ENCODING 8299
SWIDTH 0 0
DWIDTH 0 0
BBX 4 13 -2 -2
BITMAP
F0
90
90
F0
40
40
40
40
40
40
40
40
40
ENDCHAR
STARTCHAR 206C
ENCODING 8300
SWIDTH 0 0
DWIDTH 0 0
BBX 2 13 -1 -2
BITMAP
C0
C0
C0
80
80
80
80
80
80
80
80
80
80
ENDCHAR
STARTCHAR 206D
ENCODING 8301
SWIDTH 0 0
DWIDTH 0 0
BBX 2 12 -1 -2
BITMAP
80
C0
C0
80
80
80
80
80
80
80
80
80
ENDCHAR
STARTCHAR 206E
ENCODING 8302
SWIDTH 0 0
DWIDTH 0 0
BBX 2 13 -1 -2
BITMAP
80
C0
C0
C0
80
80
80
80
80
80
80
80
80
ENDCHAR
STARTCHAR 206F
ENCODING 8303
SWIDTH 0 0
DWIDTH 0 0
BBX 4 13 -2 -2
BITMAP
C0
40
40
F0
40
40
40
40
40
40
40
40
40
ENDCHAR
STARTCHAR 207F
ENCODING 8319
SWIDTH 327 0
DWIDTH 5 0
BBX 4 5 1 4
BITMAP
E0
90
90
90
90
ENDCHAR
STARTCHAR 20A3
ENCODING 8355
SWIDTH 523 0
DWIDTH 8 0
BBX 8 11 0 0
BITMAP
7F
60
60
60
60
7E
60
60
F8
60
60
ENDCHAR
STARTCHAR 20A4
ENCODING 8356
SWIDTH 523 0
DWIDTH 8 0
BBX 8 11 0 0
BITMAP
3E
62
40
60
F8
20
F8
20
40
79
86
ENDCHAR
STARTCHAR 20A7
ENCODING 8359
SWIDTH 1047 0
DWIDTH 16 0
BBX 16 11 0 0
BITMAP
FC00
C680
C280
C3FE
C6B2
FCB3
C09C
C087
C0A1
C0B3
C0DE
ENDCHAR
STARTCHAR 20AA
ENCODING 8362
SWIDTH 785 0
DWIDTH 12 0
BBX 10 8 1 0
BITMAP
FE40
8240
8240
9240
9240
9040
9040
9FC0
ENDCHAR
STARTCHAR 20AB
ENCODING 8363
SWIDTH 523 0
DWIDTH 8 0
BBX 6 10 1 1
BITMAP
1C
08
78
C8
88
88
C8
78
00
FC
ENDCHAR
STARTCHAR 20AC
ENCODING 8364
SWIDTH 523 0
DWIDTH 8 0
BBX 8 11 0 0
BITMAP
1E
31
60
40
FE
40
FE
40
60
31
1E
ENDCHAR
STARTCHAR 2105
ENCODING 8453
SWIDTH 850 0
DWIDTH 13 0
BBX 12 11 1 0
BITMAP
7080
9100
8100
8200
9600
75E0
0920
0A10
1210
1120
21E0
ENDCHAR
STARTCHAR 2113
ENCODING 8467
SWIDTH 327 0
DWIDTH 5 0
BBX 4 11 1 0
BITMAP
60
50
D0
E0
E0
C0
C0
C0
C0
D0
60
ENDCHAR
STARTCHAR 2116
ENCODING 8470
SWIDTH 1047 0
DWIDTH 16 0
BBX 14 11 1 0
BITMAP
C100
E100
E138
F164
D144
D964
CD64
C538
C700
C37C
C300
ENDCHAR
STARTCHAR 2122
ENCODING 8482
SWIDTH 981 0
DWIDTH 15 0
BBX 11 6 2 5
BITMAP
FE60
2660
2660
25A0
25A0
24A0
ENDCHAR
STARTCHAR 2126
ENCODING 8486
SWIDTH 785 0
DWIDTH 12 0
BBX 10 11 1 0
BITMAP
1E00
6100
4180
C080
C0C0
C0C0
C0C0
C080
4180
2300
F3C0
ENDCHAR
STARTCHAR 212E
ENCODING 8494
SWIDTH 589 0
DWIDTH 9 0
BBX 7 8 1 0
BITMAP
3C
C6
82
FE
80
80
C2
3C
ENDCHAR
STARTCHAR 2153
ENCODING 8531
SWIDTH 850 0
DWIDTH 13 0
BBX 11 11 1 0
BITMAP
40C0
C080
4100
4200
4600
44E0
0920
1040
1020
2120
40E0
ENDCHAR
STARTCHAR 2154
ENCODING 8532
SWIDTH 850 0
DWIDTH 13 0
BBX 12 11 0 0
BITMAP
7060
C840
1880
3100
4300
FA70
0490
0820
0810
1090
20F0
ENDCHAR
STARTCHAR 215B
ENCODING 8539
SWIDTH 850 0
DWIDTH 13 0
BBX 11 11 1 0
BITMAP
40C0
C080
4100
4200
4600
45E0
0920
10C0
1120
2120
41E0
ENDCHAR
STARTCHAR 215C
ENCODING 8540
SWIDTH 850 0
DWIDTH 13 0
BBX 12 11 0 0
BITMAP
7060
5040
2080
1900
DB00
72F0
0490
0860
0890
1090
20F0
ENDCHAR
STARTCHAR 215D
ENCODING 8541
SWIDTH 850 0
DWIDTH 13 0
BBX 12 11 0 0
BITMAP
7060
4040
7080
1900
9B00
72F0
0490
0860
0890
1090
20F0
ENDCHAR
STARTCHAR 215E
ENCODING 8542
SWIDTH 850 0
DWIDTH 13 0
BBX 11 11 1 0
BITMAP
F080
2180
4100
4200
4400
05E0
0920
10C0
2120
2120
41E0
ENDCHAR
STARTCHAR 2190
ENCODING 8592
SWIDTH 981 0
DWIDTH 15 0
BBX 13 5 1 1
BITMAP
2000
4000
FFF8
4000
2000
ENDCHAR
STARTCHAR 2191
ENCODING 8593
SWIDTH 523 0
DWIDTH 8 0
BBX 5 13 1 -3
BITMAP
20
30
78
A0
20
20
20
20
20
20
20
20
20
ENDCHAR
STARTCHAR 2192
ENCODING 8594
SWIDTH 981 0
DWIDTH 15 0
BBX 13 5 1 1
BITMAP
0020
0010
FFF8
0010
0020
ENDCHAR
STARTCHAR 2193
ENCODING 8595
SWIDTH 523 0
DWIDTH 8 0
BBX 4 13 2 -3
BITMAP
40
40
40
40
40
40
40
40
40
40
D0
E0
40
ENDCHAR
STARTCHAR 2194
ENCODING 8596
SWIDTH 981 0
DWIDTH 15 0
BBX 13 5 1 1
BITMAP
2020
4010
FFF8
4010
2020
ENDCHAR
STARTCHAR 2195
ENCODING 8597
SWIDTH 523 0
DWIDTH 8 0
BBX 5 14 1 -3
BITMAP
20
30
78
A0
20
20
20
20
20
20
20
68
30
20
ENDCHAR
STARTCHAR 21A8
ENCODING 8616
SWIDTH 523 0
DWIDTH 8 0
BBX 5 16 1 -5
BITMAP
20
30
78
A0
20
20
20
20
20
20
20
68
30
20
00
F8
ENDCHAR
STARTCHAR 2202
ENCODING 8706
SWIDTH 458 0
DWIDTH 7 0
BBX 7 11 0 0
BITMAP
1C
32
02
02
0E
32
42
42
C4
4C
70
ENDCHAR
STARTCHAR 2206
ENCODING 8710
SWIDTH 589 0
DWIDTH 9 0
BBX 9 9 0 1
BITMAP
0800
1400
1400
2600
2200
4300
4100
8100
FF80
ENDCHAR
STARTCHAR 220F
ENCODING 8719
SWIDTH 785 0
DWIDTH 12 0
BBX 10 14 1 -3
BITMAP
FFC0
C040
C040
C040
C040
C040
C040
C040
C040
C040
C040
C040
C040
C040
ENDCHAR
STARTCHAR 2211
ENCODING 8721
SWIDTH 720 0
DWIDTH 11 0
BBX 9 14 1 -3
BITMAP
FF80
C000
6000
3000
1800
1800
0C00
0C00
1800
3000
2000
6000
C000
FF80
ENDCHAR
STARTCHAR 2212
ENCODING 8722
SWIDTH 589 0
DWIDTH 9 0
BBX 7 1 1 5
BITMAP
FE
ENDCHAR
STARTCHAR 2215
ENCODING 8725
SWIDTH 196 0
DWIDTH 3 0
BBX 9 11 -3 0
BITMAP
0180
0100
0200
0400
0C00
0800
1000
2000
2000
4000
8000
ENDCHAR
STARTCHAR 2219
ENCODING 8729
SWIDTH 261 0
DWIDTH 4 0
BBX 2 1 1 5
BITMAP
C0
ENDCHAR
STARTCHAR 221A
ENCODING 8730
SWIDTH 523 0
DWIDTH 8 0
BBX 7 14 1 -1
BITMAP
02
02
02
02
02
04
44
E4
24
34
14
18
08
08
ENDCHAR
STARTCHAR 221E
ENCODING 8734
SWIDTH 720 0
DWIDTH 11 0
BBX 9 5 1 3
BITMAP
6700
9900
8880
9900
6700
ENDCHAR
STARTCHAR 221F
ENCODING 8735
SWIDTH 981 0
DWIDTH 15 0
BBX 9 9 3 0
BITMAP
8000
8000
8000
8000
8000
8000
8000
8000
FF80
ENDCHAR
STARTCHAR 2229
ENCODING 8745
SWIDTH 720 0
DWIDTH 11 0
BBX 9 11 1 0
BITMAP
3C00
6300
4100
8080
8080
8080
8080
8080
8080
8080
8080
ENDCHAR
STARTCHAR 222B
ENCODING 8747
SWIDTH 261 0
DWIDTH 4 0
BBX 4 15 0 -1
BITMAP
30
40
40
40
20
20
60
60
60
20
20
20
40
40
C0
ENDCHAR
STARTCHAR 2248
ENCODING 8776
SWIDTH 523 0
DWIDTH 8 0
BBX 8 4 0 4
BITMAP
71
8E
71
8E
ENDCHAR
STARTCHAR 2260
ENCODING 8800
SWIDTH 523 0
DWIDTH 8 0
BBX 7 11 1 0
BITMAP
04
08
08
FE
10
10
20
FE
40
40
80
ENDCHAR
STARTCHAR 2261
ENCODING 8801
SWIDTH 589 0
DWIDTH 9 0
BBX 7 9 1 1
BITMAP
FE
00
00
00
FE
00
00
00
FE
ENDCHAR
STARTCHAR 2264
ENCODING 8804
SWIDTH 523 0
DWIDTH 8 0
BBX 7 9 1 1
BITMAP
06
1C
60
80
60
1C
06
00
FE
ENDCHAR
STARTCHAR 2265
ENCODING 8805
SWIDTH 523 0
DWIDTH 8 0
BBX 7 9 1 1
BITMAP
80
60
18
06
18
60
80
00
FE
ENDCHAR
STARTCHAR 2302
ENCODING 8962
SWIDTH 589 0
DWIDTH 9 0
BBX 7 8 1 0
BITMAP
10
28
44
82
82
82
82
FE
ENDCHAR
STARTCHAR 2310
ENCODING 8976
SWIDTH 589 0
DWIDTH 9 0
BBX 7 4 1 3
BITMAP
FE
80
80
80
ENDCHAR
STARTCHAR 2320
ENCODING 8992
SWIDTH 589 0
DWIDTH 9 0
BBX 3 17 4 -4
BITMAP
60
A0
80
80
80
80
80
80
80
80
80
80
80
80
80
80
80
ENDCHAR
STARTCHAR 2321
ENCODING 8993
SWIDTH 589 0
DWIDTH 9 0
BBX 3 17 2 -4
BITMAP
20
20
20
20
20
20
20
20
20
20
20
20
20
20
20
A0
C0
ENDCHAR
STARTCHAR 2500
ENCODING 9472
SWIDTH 720 0
DWIDTH 11 0
BBX 11 1 0 4
BITMAP
FFE0
ENDCHAR
STARTCHAR 2502
ENCODING 9474
SWIDTH 589 0
DWIDTH 9 0
BBX 2 19 3 -5
BITMAP
C0
C0
C0
C0
C0
C0
C0
C0
C0
C0
C0
C0
C0
C0
C0
C0
C0
C0
C0
ENDCHAR
STARTCHAR 250C
ENCODING 9484
SWIDTH 720 0
DWIDTH 11 0
BBX 6 10 5 -5
BITMAP
FC
80
80
80
80
80
80
80
80
80
ENDCHAR
STARTCHAR 2510
ENCODING 9488
SWIDTH 720 0
DWIDTH 11 0
BBX 6 10 0 -5
BITMAP
FC
04
04
04
04
04
04
04
04
04
ENDCHAR
STARTCHAR 2514
ENCODING 9492
SWIDTH 720 0
DWIDTH 11 0
BBX 6 10 5 4
BITMAP
80
80
80
80
80
80
80
80
80
FC
ENDCHAR
STARTCHAR 2518
ENCODING 9496
SWIDTH 720 0
DWIDTH 11 0
BBX 6 10 0 4
BITMAP
04
04
04
04
04
04
04
04
04
FC
ENDCHAR
STARTCHAR 251C
ENCODING 9500
SWIDTH 720 0
DWIDTH 11 0
BBX 6 19 5 -5
BITMAP
80
80
80
80
80
80
80
80
80
FC
80
80
80
80
80
80
80
80
80
ENDCHAR
STARTCHAR 2524
ENCODING 9508
SWIDTH 720 0
DWIDTH 11 0
BBX 6 19 0 -5
BITMAP
04
04
04
04
04
04
04
04
04
FC
04
04
04
04
04
04
04
04
04
ENDCHAR
STARTCHAR 252C
ENCODING 9516
SWIDTH 720 0
DWIDTH 11 0
BBX 11 10 0 -5
BITMAP
FFE0
0400
0400
0400
0400
0400
0400
0400
0400
0400
ENDCHAR
STARTCHAR 2534
ENCODING 9524
SWIDTH 720 0
DWIDTH 11 0
BBX 11 10 0 4
BITMAP
0400
0400
0400
0400
0400
0400
0400
0400
0400
FFE0
ENDCHAR
STARTCHAR 253C
ENCODING 9532
SWIDTH 720 0
DWIDTH 11 0
BBX 11 19 0 -5
BITMAP
0400
0400
0400
0400
0400
0400
0400
0400
0400
FFE0
0400
0400
0400
0400
0400
0400
0400
0400
0400
ENDCHAR
STARTCHAR 2550
ENCODING 9552
SWIDTH 720 0
DWIDTH 11 0
BBX 11 4 0 3
BITMAP
FFE0
FFE0
0000
FFE0
ENDCHAR
STARTCHAR 2551
ENCODING 9553
SWIDTH 720 0
DWIDTH 11 0
BBX 4 19 3 -5
BITMAP
D0
D0
D0
D0
D0
D0
D0
D0
D0
D0
D0
D0
D0
D0
D0
D0
D0
D0
D0
ENDCHAR
STARTCHAR 2552
ENCODING 9554
SWIDTH 720 0
DWIDTH 11 0
BBX 6 12 5 -5
BITMAP
FC
FC
80
FC
80
80
80
80
80
80
80
80
ENDCHAR
STARTCHAR 2553
ENCODING 9555
SWIDTH 720 0
DWIDTH 11 0
BBX 8 10 3 -5
BITMAP
FF
D0
D0
D0
D0
D0
D0
D0
D0
D0
ENDCHAR
STARTCHAR 2554
ENCODING 9556
SWIDTH 720 0
DWIDTH 11 0
BBX 8 12 3 -5
BITMAP
FF
FF
C0
DF
D0
D0
D0
D0
D0
D0
D0
D0
ENDCHAR
STARTCHAR 2555
ENCODING 9557
SWIDTH 720 0
DWIDTH 11 0
BBX 6 12 0 -5
BITMAP
FC
FC
04
FC
04
04
04
04
04
04
04
04
ENDCHAR
STARTCHAR 2556
ENCODING 9558
SWIDTH 720 0
DWIDTH 11 0
BBX 7 10 0 -5
BITMAP
FE
1A
1A
1A
1A
1A
1A
1A
1A
1A
ENDCHAR
STARTCHAR 2557
ENCODING 9559
SWIDTH 720 0
DWIDTH 11 0
BBX 7 12 0 -5
BITMAP
FE
FE
02
FA
1A
1A
1A
1A
1A
1A
1A
1A
ENDCHAR
STARTCHAR 2558
ENCODING 9560
SWIDTH 720 0
DWIDTH 11 0
BBX 6 11 5 3
BITMAP
80
80
80
80
80
80
80
FC
FC
80
FC
ENDCHAR
STARTCHAR 2559
ENCODING 9561
SWIDTH 720 0
DWIDTH 11 0
BBX 8 10 3 4
BITMAP
D0
D0
D0
D0
D0
D0
D0
D0
D0
FF
ENDCHAR
STARTCHAR 255A
ENCODING 9562
SWIDTH 720 0
DWIDTH 11 0
BBX 8 11 3 3
BITMAP
D0
D0
D0
D0
D0
D0
D0
DF
DF
C0
FF
ENDCHAR
STARTCHAR 255B
ENCODING 9563
SWIDTH 720 0
DWIDTH 11 0
BBX 6 11 0 3
BITMAP
04
04
04
04
04
04
04
FC
FC
04
FC
ENDCHAR
STARTCHAR 255C
ENCODING 9564
SWIDTH 720 0
DWIDTH 11 0
BBX 7 10 0 4
BITMAP
1A
1A
1A
1A
1A
1A
1A
1A
1A
FE
ENDCHAR
STARTCHAR 255D
ENCODING 9565
SWIDTH 720 0
DWIDTH 11 0
BBX 7 11 0 3
BITMAP
1A
1A
1A
1A
1A
1A
1A
FA
FA
02
FE
ENDCHAR
STARTCHAR 255E
ENCODING 9566
SWIDTH 720 0
DWIDTH 11 0
BBX 6 19 5 -5
BITMAP
80
80
80
80
80
80
80
FC
FC
80
FC
80
80
80
80
80
80
80
80
ENDCHAR
STARTCHAR 255F
ENCODING 9567
SWIDTH 720 0
DWIDTH 11 0
BBX 8 19 3 -5
BITMAP
D0
D0
D0
D0
D0
D0
D0
D0
D0
DF
D0
D0
D0
D0
D0
D0
D0
D0
D0
ENDCHAR
STARTCHAR 2560
ENCODING 9568
SWIDTH 720 0
DWIDTH 11 0
BBX 8 19 3 -5
BITMAP
D0
D0
D0
D0
D0
D0
D0
DF
DF
C0
DF
D0
D0
D0
D0
D0
D0
D0
D0
ENDCHAR
STARTCHAR 2561
ENCODING 9569
SWIDTH 720 0
DWIDTH 11 0
BBX 6 19 0 -5
BITMAP
04
04
04
04
04
04
04
FC
FC
04
FC
04
04
04
04
04
04
04
04
ENDCHAR
STARTCHAR 2562
ENCODING 9570
SWIDTH 720 0
DWIDTH 11 0
BBX 7 19 0 -5
BITMAP
1A
1A
1A
1A
1A
1A
1A
1A
1A
FA
1A
1A
1A
1A
1A
1A
1A
1A
1A
ENDCHAR
STARTCHAR 2563
ENCODING 9571
SWIDTH 720 0
DWIDTH 11 0
BBX 7 19 0 -5
BITMAP
1A
1A
1A
1A
1A
1A
1A
FA
FA
02
FA
1A
1A
1A
1A
1A
1A
1A
1A
ENDCHAR
STARTCHAR 2564
ENCODING 9572
SWIDTH 720 0
DWIDTH 11 0
BBX 11 12 0 -5
BITMAP
FFE0
FFE0
0000
FFE0
0400
0400
0400
0400
0400
0400
0400
0400
ENDCHAR
STARTCHAR 2565
ENCODING 9573
SWIDTH 720 0
DWIDTH 11 0
BBX 11 10 0 -5
BITMAP
FFE0
1A00
1A00
1A00
1A00
1A00
1A00
1A00
1A00
1A00
ENDCHAR
STARTCHAR 2566
ENCODING 9574
SWIDTH 720 0
DWIDTH 11 0
BBX 11 12 0 -5
BITMAP
FFE0
FFE0
0000
FBE0
1A00
1A00
1A00
1A00
1A00
1A00
1A00
1A00
ENDCHAR
STARTCHAR 2567
ENCODING 9575
SWIDTH 720 0
DWIDTH 11 0
BBX 11 11 0 3
BITMAP
0400
0400
0400
0400
0400
0400
0400
FFE0
FFE0
0000
FFE0
ENDCHAR
STARTCHAR 2568
ENCODING 9576
SWIDTH 720 0
DWIDTH 11 0
BBX 11 10 0 4
BITMAP
1A00
1A00
1A00
1A00
1A00
1A00
1A00
1A00
1A00
FFE0
ENDCHAR
STARTCHAR 2569
ENCODING 9577
SWIDTH 720 0
DWIDTH 11 0
BBX 11 11 0 3
BITMAP
1A00
1A00
1A00
1A00
1A00
1A00
1A00
FBE0
FBE0
0000
FFE0
ENDCHAR
STARTCHAR 256A
ENCODING 9578
SWIDTH 720 0
DWIDTH 11 0
BBX 11 19 0 -5
BITMAP
0400
0400
0400
0400
0400
0400
0400
FFE0
FFE0
0400
FFE0
0400
0400
0400
0400
0400
0400
0400
0400
ENDCHAR
STARTCHAR 256B
ENCODING 9579
SWIDTH 720 0
DWIDTH 11 0
BBX 11 19 0 -5
BITMAP
1A00
1A00
1A00
1A00
1A00
1A00
1A00
1A00
1A00
FFE0
1A00
1A00
1A00
1A00
1A00
1A00
1A00
1A00
1A00
ENDCHAR
STARTCHAR 256C
ENCODING 9580
SWIDTH 720 0
DWIDTH 11 0
BBX 11 19 0 -5
BITMAP
1A00
1A00
1A00
1A00
1A00
1A00
1A00
FBE0
FBE0
0000
FBE0
1A00
1A00
1A00
1A00
1A00
1A00
1A00
1A00
ENDCHAR
STARTCHAR 2580
ENCODING 9600
SWIDTH 720 0
DWIDTH 11 0
BBX 11 9 0 5
BITMAP
FFE0
FFE0
FFE0
FFE0
FFE0
FFE0
FFE0
FFE0
FFE0
ENDCHAR
STARTCHAR 2584
ENCODING 9604
SWIDTH 720 0
DWIDTH 11 0
BBX 11 10 0 -5
BITMAP
FFE0
FFE0
FFE0
FFE0
FFE0
FFE0
FFE0
FFE0
FFE0
FFE0
ENDCHAR
STARTCHAR 2588
ENCODING 9608
SWIDTH 720 0
DWIDTH 11 0
BBX 11 19 0 -5
BITMAP
FFE0
FFE0
FFE0
FFE0
FFE0
FFE0
FFE0
FFE0
FFE0
FFE0
FFE0
FFE0
FFE0
FFE0
FFE0
FFE0
FFE0
FFE0
FFE0
ENDCHAR
STARTCHAR 258C
ENCODING 9612
SWIDTH 720 0
DWIDTH 11 0
BBX 5 19 0 -5
BITMAP
F8
F8
F8
F8
F8
F8
F8
F8
F8
F8
F8
F8
F8
F8
F8
F8
F8
F8
F8
ENDCHAR
STARTCHAR 2590
ENCODING 9616
SWIDTH 720 0
DWIDTH 11 0
BBX 6 19 5 -5
BITMAP
FC
FC
FC
FC
FC
FC
FC
FC
FC
FC
FC
FC
FC
FC
FC
FC
FC
FC
FC
ENDCHAR
STARTCHAR 2591
ENCODING 9617
SWIDTH 720 0
DWIDTH 11 0
BBX 10 18 1 -4
BITMAP
9100
0000
0440
0000
9100
0000
0440
0000
9100
0440
0000
9100
0000
0440
0000
9100
0000
0440
ENDCHAR
STARTCHAR 2592
ENCODING 9618
SWIDTH 720 0
DWIDTH 11 0
BBX 11 18 0 -4
BITMAP
4AA0
0000
B540
0000
4AA0
0000
B540
0000
4AA0
B540
0000
4AA0
0000
B540
0000
4AA0
0000
B540
ENDCHAR
STARTCHAR 2593
ENCODING 9619
SWIDTH 720 0
DWIDTH 11 0
BBX 11 19 0 -5
BITMAP
52A0
FFE0
AD40
FFE0
5AA0
FFE0
AD40
FFE0
5AA0
AD40
FFE0
5AA0
FFE0
AD40
FFE0
5AA0
FFE0
AD40
FFE0
ENDCHAR
STARTCHAR 25A0
ENCODING 9632
SWIDTH 589 0
DWIDTH 9 0
BBX 7 7 1 0
BITMAP
FE
FE
FE
FE
FE
FE
FE
ENDCHAR
STARTCHAR 25A1
ENCODING 9633
SWIDTH 589 0
DWIDTH 9 0
BBX 7 7 1 0
BITMAP
FE
82
82
82
82
82
FE
ENDCHAR
STARTCHAR 25AA
ENCODING 9642
SWIDTH 327 0
DWIDTH 5 0
BBX 3 4 1 3
BITMAP
E0
E0
E0
E0
ENDCHAR
STARTCHAR 25AB
ENCODING 9643
SWIDTH 327 0
DWIDTH 5 0
BBX 3 4 1 3
BITMAP
E0
A0
A0
E0
ENDCHAR
STARTCHAR 25AC
ENCODING 9644
SWIDTH 981 0
DWIDTH 15 0
BBX 15 3 0 2
BITMAP
FFFE
FFFE
FFFE
ENDCHAR
STARTCHAR 25B2
ENCODING 9650
SWIDTH 981 0
DWIDTH 15 0
BBX 10 10 2 0
BITMAP
0400
0C00
0E00
1E00
1F00
3F00
3F80
7F80
7FC0
FFC0
ENDCHAR
STARTCHAR 25BA
ENCODING 9658
SWIDTH 981 0
DWIDTH 15 0
BBX 10 10 2 0
BITMAP
C000
F000
FC00
FF00
FFC0
FFC0
FF00
FC00
F000
C000
ENDCHAR
STARTCHAR 25BC
ENCODING 9660
SWIDTH 981 0
DWIDTH 15 0
BBX 9 10 3 0
BITMAP
FF80
FF80
7F00
7F00
3E00
3E00
1C00
1C00
0800
0800
ENDCHAR
STARTCHAR 25C4
ENCODING 9668
SWIDTH 981 0
DWIDTH 15 0
BBX 10 10 3 0
BITMAP
00C0
03C0
0FC0
3FC0
FFC0
FFC0
3FC0
0FC0
03C0
00C0
ENDCHAR
STARTCHAR 25CA
ENCODING 9674
SWIDTH 458 0
DWIDTH 7 0
BBX 7 11 0 0
BITMAP
10
28
28
44
42
82
42
44
28
28
10
ENDCHAR
STARTCHAR 25CB
ENCODING 9675
SWIDTH 589 0
DWIDTH 9 0
BBX 7 6 1 1
BITMAP
7C
84
82
82
84
78
ENDCHAR
STARTCHAR 25CF
ENCODING 9679
SWIDTH 589 0
DWIDTH 9 0
BBX 7 6 1 1
BITMAP
7C
7C
FE
FE
7C
38
ENDCHAR
STARTCHAR 25D8
ENCODING 9688
SWIDTH 589 0
DWIDTH 9 0
BBX 7 7 1 0
BITMAP
FE
FE
C6
C6
E6
FE
FE
ENDCHAR
STARTCHAR 25D9
ENCODING 9689
SWIDTH 589 0
DWIDTH 9 0
BBX 9 8 0 0
BITMAP
FF80
DD80
FE80
BE80
BE80
DF80
E380
FF80
ENDCHAR
STARTCHAR 25E6
ENCODING 9702
SWIDTH 327 0
DWIDTH 5 0
BBX 3 4 1 3
BITMAP
60
A0
A0
60
ENDCHAR
STARTCHAR 263A
ENCODING 9786
SWIDTH 981 0
DWIDTH 15 0
BBX 9 9 3 -1
BITMAP
3F00
4100
8080
A280
8080
8080
9C80
4100
3E00
ENDCHAR
STARTCHAR 263B
ENCODING 9787
SWIDTH 1047 0
DWIDTH 16 0
BBX 10 9 3 -1
BITMAP
3F00
7F80
7F80
EDC0
FFC0
FF80
6380
3F00
1E00
ENDCHAR
STARTCHAR 263C
ENCODING 9788
SWIDTH 916 0
DWIDTH 14 0
BBX 12 12 1 -1
BITMAP
0400
4420
3BC0
2080
4040
4040
C070
4040
2080
3940
4620
0400
ENDCHAR
STARTCHAR 2640
ENCODING 9792
SWIDTH 720 0
DWIDTH 11 0
BBX 7 14 2 -3
BITMAP
3C
C2
82
82
82
82
84
78
10
10
10
7C
10
10
ENDCHAR
STARTCHAR 2642
ENCODING 9794
SWIDTH 720 0
DWIDTH 11 0
BBX 9 14 1 -2
BITMAP
0100
0700
1A80
0280
0400
0400
3800
C400
8200
8200
8200
8200
8200
7C00
ENDCHAR
STARTCHAR 2660
ENCODING 9824
SWIDTH 523 0
DWIDTH 8 0
BBX 8 8 0 1
BITMAP
18
1C
7E
7E
FF
76
10
3C
ENDCHAR
STARTCHAR 2663
ENCODING 9827
SWIDTH 654 0
DWIDTH 10 0
BBX 9 9 0 0
BITMAP
0C00
1E00
1E00
7F80
FF80
FF80
7B80
0C00
1E00
ENDCHAR
STARTCHAR 2665
ENCODING 9829
SWIDTH 589 0
DWIDTH 9 0
BBX 7 9 1 0
BITMAP
EE
EE
FE
FE
7C
7C
38
10
10
ENDCHAR
STARTCHAR 2666
ENCODING 9830
SWIDTH 523 0
DWIDTH 8 0
BBX 6 9 1 0
BITMAP
20
30
78
F8
FC
F8
78
30
20
ENDCHAR
STARTCHAR 266A
ENCODING 9834
SWIDTH 523 0
DWIDTH 8 0
BBX 7 10 0 0
BITMAP
0C
0E
12
12
10
10
10
70
F0
F0
ENDCHAR
STARTCHAR 266B
ENCODING 9835
SWIDTH 720 0
DWIDTH 11 0
BBX 9 12 1 -1
BITMAP
0180
0F80
1C80
1080
1080
1080
1080
1780
1780
F700
F000
E000
ENDCHAR
STARTCHAR E801
ENCODING 59393
SWIDTH 261 0
DWIDTH 4 0
BBX 4 10 -1 0
BITMAP
C0
00
30
30
30
30
30
30
30
30
ENDCHAR
STARTCHAR E802
ENCODING 59394
SWIDTH 523 0
DWIDTH 8 0
BBX 7 11 0 -3
BITMAP
F8
0C
04
06
06
06
26
06
26
06
06
ENDCHAR
STARTCHAR E803
ENCODING 59395
SWIDTH 523 0
DWIDTH 8 0
BBX 7 11 0 -3
BITMAP
F8
0C
04
06
06
06
76
26
06
06
06
ENDCHAR
STARTCHAR E804
ENCODING 59396
SWIDTH 458 0
DWIDTH 7 0
BBX 7 11 -1 0
BITMAP
60
E0
60
7E
02
02
06
04
0C
08
08
ENDCHAR
STARTCHAR E805
ENCODING 59397
SWIDTH 458 0
DWIDTH 7 0
BBX 7 11 -1 0
BITMAP
60
E0
60
7E
02
02
16
04
0C
08
08
ENDCHAR
STARTCHAR E818
ENCODING 59416
SWIDTH 196 0
DWIDTH 3 0
BBX 2 7 1 9
BITMAP
40
80
40
80
00
40
80
ENDCHAR
STARTCHAR E83A
ENCODING 59450
SWIDTH 654 0
DWIDTH 10 0
BBX 10 1 0 2
BITMAP
FFC0
ENDCHAR
STARTCHAR F001
ENCODING 61441
SWIDTH 523 0
DWIDTH 8 0
BBX 6 11 0 0
BITMAP
3C
60
60
F4
64
64
64
64
64
64
64
ENDCHAR
STARTCHAR F002
ENCODING 61442
SWIDTH 523 0
DWIDTH 8 0
BBX 6 11 0 0
BITMAP
3C
64
64
F4
64
64
64
64
64
64
64
ENDCHAR
STARTCHAR F004
ENCODING 61444
SWIDTH 327 0
DWIDTH 5 0
BBX 1 3 2 -4
BITMAP
80
80
80
ENDCHAR
STARTCHAR F005
ENCODING 61445
SWIDTH 327 0
DWIDTH 5 0
BBX 3 3 1 -4
BITMAP
60
20
C0
ENDCHAR
STARTCHAR F006
ENCODING 61446
SWIDTH 0 0
DWIDTH 0 0
BBX 2 2 -3 12
BITMAP
40
80
ENDCHAR
STARTCHAR F007
ENCODING 61447
SWIDTH 0 0
DWIDTH 0 0
BBX 2 2 -6 12
BITMAP
40
80
ENDCHAR
STARTCHAR F008
ENCODING 61448
SWIDTH 0 0
DWIDTH 0 0
BBX 2 2 -2 10
BITMAP
C0
80
ENDCHAR
STARTCHAR F009
ENCODING 61449
SWIDTH 0 0
DWIDTH 0 0
BBX 3 2 -5 12
BITMAP
60
C0
ENDCHAR
STARTCHAR F00A
ENCODING 61450
SWIDTH 0 0
DWIDTH 0 0
BBX 1 16 0 -3
BITMAP
80
80
80
80
80
80
80
00
00
80
80
80
80
80
80
80
ENDCHAR
STARTCHAR F00B
ENCODING 61451
SWIDTH 0 0
DWIDTH 0 0
BBX 4 16 -2 -3
BITMAP
F0
40
40
40
40
40
40
40
40
40
40
40
40
40
40
F0
ENDCHAR
STARTCHAR F00C
ENCODING 61452
SWIDTH 0 0
DWIDTH 0 0
BBX 2 16 0 -3
BITMAP
80
C0
80
80
80
80
80
80
80
80
80
80
80
80
80
80
ENDCHAR
STARTCHAR F00D
ENCODING 61453
SWIDTH 0 0
DWIDTH 0 0
BBX 2 16 -2 -3
BITMAP
40
C0
40
40
40
40
40
40
40
40
40
40
40
40
40
40
ENDCHAR
STARTCHAR F00E
ENCODING 61454
SWIDTH 0 0
DWIDTH 0 0
BBX 2 16 0 -3
BITMAP
80
80
80
80
80
80
80
80
80
80
80
80
80
80
80
C0
ENDCHAR
STARTCHAR F00F
ENCODING 61455
SWIDTH 0 0
DWIDTH 0 0
BBX 2 2 -6 10
BITMAP
C0
40
ENDCHAR
STARTCHAR F010
ENCODING 61456
SWIDTH 0 0
DWIDTH 0 0
BBX 3 2 -4 12
BITMAP
E0
60
ENDCHAR
STARTCHAR F011
ENCODING 61457
SWIDTH 0 0
DWIDTH 0 0
BBX 3 2 -7 12
BITMAP
E0
60
ENDCHAR
STARTCHAR F012
ENCODING 61458
SWIDTH 0 0
DWIDTH 0 0
BBX 3 3 -3 9
BITMAP
E0
20
60
ENDCHAR
STARTCHAR F013
ENCODING 61459
SWIDTH 0 0
DWIDTH 0 0
BBX 3 2 -5 12
BITMAP
E0
80
ENDCHAR
STARTCHAR F014
ENCODING 61460
SWIDTH 0 0
DWIDTH 0 0
BBX 3 3 -5 9
BITMAP
C0
60
40
ENDCHAR
STARTCHAR F015
ENCODING 61461
SWIDTH 0 0
DWIDTH 0 0
BBX 5 2 -8 12
BITMAP
68
98
ENDCHAR
STARTCHAR F016
ENCODING 61462
SWIDTH 0 0
DWIDTH 0 0
BBX 5 2 -8 12
BITMAP
68
B8
ENDCHAR
STARTCHAR F017
ENCODING 61463
SWIDTH 0 0
DWIDTH 0 0
BBX 4 2 -9 12
BITMAP
D0
B0
ENDCHAR
STARTCHAR F018
ENCODING 61464
SWIDTH 0 0
DWIDTH 0 0
BBX 5 2 -10 12
BITMAP
E8
B8
ENDCHAR
STARTCHAR F019
ENCODING 61465
SWIDTH 0 0
DWIDTH 0 0
BBX 5 2 -7 9
BITMAP
68
98
ENDCHAR
STARTCHAR F01A
ENCODING 61466
SWIDTH 0 0
DWIDTH 0 0
BBX 5 2 -8 9
BITMAP
C8
B0
ENDCHAR
STARTCHAR F01B
ENCODING 61467
SWIDTH 0 0
DWIDTH 0 0
BBX 5 2 -9 9
BITMAP
68
98
ENDCHAR
STARTCHAR F01C
ENCODING 61468
SWIDTH 0 0
DWIDTH 0 0
BBX 4 2 -4 12
BITMAP
D0
B0
ENDCHAR
STARTCHAR F01D
ENCODING 61469
SWIDTH 0 0
DWIDTH 0 0
BBX 5 2 -4 9
BITMAP
C8
B0
ENDCHAR
STARTCHAR F01E
ENCODING 61470
SWIDTH 0 0
DWIDTH 0 0
BBX 2 1 -6 -2
BITMAP
C0
ENDCHAR
STARTCHAR F01F
ENCODING 61471
SWIDTH 0 0
DWIDTH 0 0
BBX 2 1 -7 -2
BITMAP
C0
ENDCHAR
STARTCHAR F020
ENCODING 61472
SWIDTH 0 0
DWIDTH 0 0
BBX 2 1 -8 -2
BITMAP
C0
ENDCHAR
STARTCHAR F021
ENCODING 61473
SWIDTH 0 0
DWIDTH 0 0
BBX 1 1 -6 -2
BITMAP
80
ENDCHAR
STARTCHAR F022
ENCODING 61474
SWIDTH 0 0
DWIDTH 0 0
BBX 1 1 -8 -2
BITMAP
80
ENDCHAR
STARTCHAR F023
ENCODING 61475
SWIDTH 0 0
DWIDTH 0 0
BBX 2 1 -5 -2
BITMAP
C0
ENDCHAR
STARTCHAR F024
ENCODING 61476
SWIDTH 0 0
DWIDTH 0 0
BBX 2 1 -5 -2
BITMAP
C0
ENDCHAR
STARTCHAR F025
ENCODING 61477
SWIDTH 0 0
DWIDTH 0 0
BBX 2 1 -5 -2
BITMAP
C0
ENDCHAR
STARTCHAR F026
ENCODING 61478
SWIDTH 0 0
DWIDTH 0 0
BBX 1 1 -6 -2
BITMAP
80
ENDCHAR
STARTCHAR F027
ENCODING 61479
SWIDTH 0 0
DWIDTH 0 0
BBX 1 1 -5 -2
BITMAP
80
ENDCHAR
STARTCHAR F028
ENCODING 61480
SWIDTH 0 0
DWIDTH 0 0
BBX 1 1 -7 -2
BITMAP
80
ENDCHAR
STARTCHAR F029
ENCODING 61481
SWIDTH 0 0
DWIDTH 0 0
BBX 2 1 -3 -2
BITMAP
C0
ENDCHAR
STARTCHAR F02A
ENCODING 61482
SWIDTH 0 0
DWIDTH 0 0
BBX 1 1 -2 -2
BITMAP
80
ENDCHAR
STARTCHAR F02B
ENCODING 61483
SWIDTH 0 0
DWIDTH 0 0
BBX 2 1 -6 -2
BITMAP
C0
ENDCHAR
STARTCHAR F02C
ENCODING 61484
SWIDTH 0 0
DWIDTH 0 0
BBX 2 1 -2 -2
BITMAP
C0
ENDCHAR
STARTCHAR F02D
ENCODING 61485
SWIDTH 0 0
DWIDTH 0 0
BBX 4 2 -7 12
BITMAP
D0
B0
ENDCHAR
STARTCHAR F02E
ENCODING 61486
SWIDTH 0 0
DWIDTH 0 0
BBX 4 2 -7 12
BITMAP
D0
B0
ENDCHAR
STARTCHAR F02F
ENCODING 61487
SWIDTH 0 0
DWIDTH 0 0
BBX 5 2 -8 12
BITMAP
C8
B0
ENDCHAR
STARTCHAR F030
ENCODING 61488
SWIDTH 0 0
DWIDTH 0 0
BBX 5 2 -8 12
BITMAP
C8
B0
ENDCHAR
STARTCHAR F031
ENCODING 61489
SWIDTH 196 0
DWIDTH 3 0
BBX 1 8 1 0
BITMAP
80
80
80
80
80
80
80
80
ENDCHAR
STARTCHAR FB01
ENCODING 64257
SWIDTH 523 0
DWIDTH 8 0
BBX 6 11 0 0
BITMAP
3C
60
60
F4
64
64
64
64
64
64
64
ENDCHAR
STARTCHAR FB02
ENCODING 64258
SWIDTH 523 0
DWIDTH 8 0
BBX 6 11 0 0
BITMAP
3C
64
64
F4
64
64
64
64
64
64
64
ENDCHAR
STARTCHAR FB20
ENCODING 64288
SWIDTH 523 0
DWIDTH 8 0
BBX 7 8 0 0
BITMAP
62
62
22
22
26
26
34
F8
ENDCHAR
STARTCHAR FB2A
ENCODING 64298
SWIDTH 654 0
DWIDTH 10 0
BBX 9 10 1 0
BITMAP
0180
0000
9980
9980
9900
9900
F100
C100
4200
3C00
ENDCHAR
STARTCHAR FB2B
ENCODING 64299
SWIDTH 654 0
DWIDTH 10 0
BBX 9 10 1 0
BITMAP
8000
0000
9980
9980
9900
9900
F100
C100
4200
3C00
ENDCHAR
STARTCHAR FB2C
ENCODING 64300
SWIDTH 654 0
DWIDTH 10 0
BBX 9 10 1 0
BITMAP
0180
0000
9980
9980
9900
9900
F500
C100
4200
3C00
ENDCHAR
STARTCHAR FB2D
ENCODING 64301
SWIDTH 654 0
DWIDTH 10 0
BBX 9 10 1 0
BITMAP
8000
0000
9980
9980
9900
9900
F500
C100
4200
3C00
ENDCHAR
STARTCHAR FB2E
ENCODING 64302
SWIDTH 523 0
DWIDTH 8 0
BBX 7 11 1 -3
BITMAP
C6
64
24
7C
D8
C8
8C
86
00
00
38
ENDCHAR
STARTCHAR FB2F
ENCODING 64303
SWIDTH 523 0
DWIDTH 8 0
BBX 7 12 1 -4
BITMAP
C6
64
24
7C
D8
C8
8C
86
00
00
38
10
ENDCHAR
STARTCHAR FB30
ENCODING 64304
SWIDTH 523 0
DWIDTH 8 0
BBX 7 8 1 0
BITMAP
C6
64
24
7C
D8
C8
AC
86
ENDCHAR
STARTCHAR FB31
ENCODING 64305
SWIDTH 523 0
DWIDTH 8 0
BBX 8 8 0 0
BITMAP
78
0C
04
26
06
06
06
FF
ENDCHAR
STARTCHAR FB32
ENCODING 64306
SWIDTH 392 0
DWIDTH 6 0
BBX 5 8 0 0
BITMAP
70
18
18
38
18
38
48
C8
ENDCHAR
STARTCHAR FB33
ENCODING 64307
SWIDTH 523 0
DWIDTH 8 0
BBX 7 8 0 0
BITMAP
FE
04
04
34
04
04
04
04
ENDCHAR
STARTCHAR FB34
ENCODING 64308
SWIDTH 589 0
DWIDTH 9 0
BBX 7 8 1 0
BITMAP
F8
04
06
02
D2
C2
C2
C2
ENDCHAR
STARTCHAR FB35
ENCODING 64309
SWIDTH 261 0
DWIDTH 4 0
BBX 3 8 0 0
BITMAP
20
20
20
A0
20
20
20
20
ENDCHAR
STARTCHAR FB36
ENCODING 64310
SWIDTH 392 0
DWIDTH 6 0
BBX 6 8 0 0
BITMAP
7C
10
30
B0
30
30
10
10
ENDCHAR
STARTCHAR FB38
ENCODING 64312
SWIDTH 589 0
DWIDTH 9 0
BBX 7 8 1 0
BITMAP
8C
96
82
92
82
C6
44
38
ENDCHAR
STARTCHAR FB39
ENCODING 64313
SWIDTH 261 0
DWIDTH 4 0
BBX 3 4 0 4
BITMAP
20
20
A0
20
ENDCHAR
STARTCHAR FB3A
ENCODING 64314
SWIDTH 523 0
DWIDTH 8 0
BBX 7 11 0 -3
BITMAP
F8
0C
04
06
26
06
06
06
06
06
06
ENDCHAR
STARTCHAR FB3B
ENCODING 64315
SWIDTH 458 0
DWIDTH 7 0
BBX 5 8 1 0
BITMAP
E0
10
18
48
08
18
10
E0
ENDCHAR
STARTCHAR FB3C
ENCODING 64316
SWIDTH 458 0
DWIDTH 7 0
BBX 6 11 0 0
BITMAP
C0
C0
C0
FC
04
04
2C
08
18
10
10
ENDCHAR
STARTCHAR FB3E
ENCODING 64318
SWIDTH 589 0
DWIDTH 9 0
BBX 7 8 1 0
BITMAP
9C
A6
C6
52
42
C2
C2
9E
ENDCHAR
STARTCHAR FB40
ENCODING 64320
SWIDTH 327 0
DWIDTH 5 0
BBX 4 8 0 0
BITMAP
60
10
10
50
10
10
10
F0
ENDCHAR
STARTCHAR FB41
ENCODING 64321
SWIDTH 589 0
DWIDTH 9 0
BBX 7 8 1 0
BITMAP
78
C4
86
96
86
86
C4
78
ENDCHAR
STARTCHAR FB43
ENCODING 64323
SWIDTH 589 0
DWIDTH 9 0
BBX 6 11 1 -3
BITMAP
F8
8C
84
84
D4
04
04
04
04
04
04
ENDCHAR
STARTCHAR FB44
ENCODING 64324
SWIDTH 523 0
DWIDTH 8 0
BBX 7 8 1 0
BITMAP
F8
8C
84
86
56
04
8C
F0
ENDCHAR
STARTCHAR FB46
ENCODING 64326
SWIDTH 458 0
DWIDTH 7 0
BBX 6 8 0 0
BITMAP
C4
44
24
3C
58
18
0C
FC
ENDCHAR
STARTCHAR FB47
ENCODING 64327
SWIDTH 523 0
DWIDTH 8 0
BBX 6 11 1 -3
BITMAP
FC
04
04
34
CC
C8
D8
D8
C0
C0
C0
ENDCHAR
STARTCHAR FB48
ENCODING 64328
SWIDTH 523 0
DWIDTH 8 0
BBX 7 8 0 0
BITMAP
F8
0C
04
06
26
06
06
06
ENDCHAR
STARTCHAR FB49
ENCODING 64329
SWIDTH 654 0
DWIDTH 10 0
BBX 9 8 1 0
BITMAP
9980
9980
9900
9900
F500
C100
4200
3C00
ENDCHAR
STARTCHAR FB4A
ENCODING 64330
SWIDTH 654 0
DWIDTH 10 0
BBX 9 8 0 0
BITMAP
7E00
3300
3100
3180
3580
3180
3180
E180
ENDCHAR
STARTCHAR FB4B
ENCODING 64331
SWIDTH 261 0
DWIDTH 4 0
BBX 2 10 1 0
BITMAP
80
00
C0
C0
C0
C0
C0
C0
C0
C0
ENDCHAR
STARTCHAR FB4C
ENCODING 64332
SWIDTH 523 0
DWIDTH 8 0
BBX 8 10 0 0
BITMAP
38
00
78
0C
04
06
06
06
06
FF
ENDCHAR
STARTCHAR FB4D
ENCODING 64333
SWIDTH 458 0
DWIDTH 7 0
BBX 5 10 1 0
BITMAP
70
00
E0
10
18
08
08
18
10
E0
ENDCHAR
STARTCHAR FB4E
ENCODING 64334
SWIDTH 523 0
DWIDTH 8 0
BBX 7 10 1 0
BITMAP
70
00
F8
8C
84
86
66
04
8C
F0
ENDCHAR
STARTCHAR FB4F
ENCODING 64335
SWIDTH 589 0
DWIDTH 9 0
BBX 8 11 0 0
BITMAP
C0
C0
C0
E3
33
12
3E
6C
66
66
43
ENDCHAR
STARTCHAR FB56
ENCODING 64342
SWIDTH 720 0
DWIDTH 11 0
BBX 10 8 1 -1
BITMAP
8040
8040
8040
8040
7FC0
0000
0600
0E00
ENDCHAR
STARTCHAR FB57
ENCODING 64343
SWIDTH 720 0
DWIDTH 11 0
BBX 10 8 1 -1
BITMAP
8040
8040
8040
8040
7FC0
0000
0600
0E00
ENDCHAR
STARTCHAR FB58
ENCODING 64344
SWIDTH 261 0
DWIDTH 4 0
BBX 4 8 0 -1
BITMAP
10
10
10
10
F0
00
20
E0
ENDCHAR
STARTCHAR FB59
ENCODING 64345
SWIDTH 261 0
DWIDTH 4 0
BBX 4 8 0 -1
BITMAP
10
10
10
10
F0
00
20
E0
ENDCHAR
STARTCHAR FB7A
ENCODING 64378
SWIDTH 523 0
DWIDTH 8 0
BBX 7 9 0 -3
BITMAP
7E
18
60
80
84
9C
80
60
3E
ENDCHAR
STARTCHAR FB7B
ENCODING 64379
SWIDTH 523 0
DWIDTH 8 0
BBX 8 9 0 -3
BITMAP
7E
1C
24
C7
80
88
B8
60
3E
ENDCHAR
STARTCHAR FB7C
ENCODING 64380
SWIDTH 523 0
DWIDTH 8 0
BBX 8 7 0 -1
BITMAP
38
0C
06
FF
00
08
38
ENDCHAR
STARTCHAR FB7D
ENCODING 64381
SWIDTH 523 0
DWIDTH 8 0
BBX 8 7 0 -1
BITMAP
38
0C
06
FF
00
08
38
ENDCHAR
STARTCHAR FB8A
ENCODING 64394
SWIDTH 458 0
DWIDTH 7 0
BBX 7 10 1 -1
BITMAP
0E
18
00
04
02
02
02
06
8C
78
ENDCHAR
STARTCHAR FB8B
ENCODING 64395
SWIDTH 458 0
DWIDTH 7 0
BBX 7 10 1 -1
BITMAP
0E
18
00
04
02
02
02
06
8C
78
ENDCHAR
STARTCHAR FB8E
ENCODING 64398
SWIDTH 785 0
DWIDTH 12 0
BBX 12 9 1 2
BITMAP
0020
00C0
0100
0300
0180
80C0
8020
8020
FFF0
ENDCHAR
STARTCHAR FB8F
ENCODING 64399
SWIDTH 916 0
DWIDTH 14 0
BBX 14 9 1 2
BITMAP
0020
00C0
0100
0200
0180
80C0
80A0
8090
FF1C
ENDCHAR
STARTCHAR FB90
ENCODING 64400
SWIDTH 392 0
DWIDTH 6 0
BBX 6 9 0 2
BITMAP
0C
38
60
40
70
18
08
04
FC
ENDCHAR
STARTCHAR FB91
ENCODING 64401
SWIDTH 523 0
DWIDTH 8 0
BBX 8 9 0 2
BITMAP
0C
38
60
40
60
18
08
14
E3
ENDCHAR
STARTCHAR FB92
ENCODING 64402
SWIDTH 785 0
DWIDTH 12 0
BBX 12 11 1 2
BITMAP
0020
00C0
0320
00C0
0100
0300
0180
80C0
8020
8020
FFF0
ENDCHAR
STARTCHAR FB93
ENCODING 64403
SWIDTH 916 0
DWIDTH 14 0
BBX 14 11 1 2
BITMAP
0020
00C0
0320
00C0
0100
0200
0180
80C0
80A0
8090
FF1C
ENDCHAR
STARTCHAR FB94
ENCODING 64404
SWIDTH 392 0
DWIDTH 6 0
BBX 6 11 0 2
BITMAP
0C
30
4C
38
60
40
70
18
08
04
FC
ENDCHAR
STARTCHAR FB95
ENCODING 64405
SWIDTH 523 0
DWIDTH 8 0
BBX 8 11 0 2
BITMAP
0C
30
4C
38
60
40
60
18
08
14
E3
ENDCHAR
STARTCHAR FBFC
ENCODING 64508
SWIDTH 654 0
DWIDTH 10 0
BBX 9 8 0 -1
BITMAP
0180
0200
4400
8400
8780
8080
C300
7C00
ENDCHAR
STARTCHAR FBFD
ENCODING 64509
SWIDTH 589 0
DWIDTH 9 0
BBX 8 5 1 -2
BITMAP
07
88
8E
82
7C
ENDCHAR
STARTCHAR FBFE
ENCODING 64510
SWIDTH 261 0
DWIDTH 4 0
BBX 4 8 0 -1
BITMAP
10
10
10
10
F0
00
30
40
ENDCHAR
STARTCHAR FBFF
ENCODING 64511
SWIDTH 261 0
DWIDTH 4 0
BBX 4 8 0 -1
BITMAP
10
10
10
10
F0
00
30
40
ENDCHAR
STARTCHAR FC5E
ENCODING 64606
SWIDTH 196 0
DWIDTH 3 0
BBX 3 7 0 9
BITMAP
20
A0
A0
40
00
20
40
ENDCHAR
STARTCHAR FC5F
ENCODING 64607
SWIDTH 196 0
DWIDTH 3 0
BBX 2 6 1 10
BITMAP
40
80
40
80
40
80
ENDCHAR
STARTCHAR FC60
ENCODING 64608
SWIDTH 196 0
DWIDTH 3 0
BBX 2 5 1 9
BITMAP
40
80
00
40
80
ENDCHAR
STARTCHAR FC61
ENCODING 64609
SWIDTH 196 0
DWIDTH 3 0
BBX 2 7 1 9
BITMAP
40
C0
40
80
00
40
80
ENDCHAR
STARTCHAR FC62
ENCODING 64610
SWIDTH 196 0
DWIDTH 3 0
BBX 2 4 1 10
BITMAP
40
80
40
80
ENDCHAR
STARTCHAR FD3E
ENCODING 64830
SWIDTH 327 0
DWIDTH 5 0
BBX 3 15 1 -3
BITMAP
20
20
40
40
C0
C0
80
80
80
C0
C0
40
40
20
20
ENDCHAR
STARTCHAR FD3F
ENCODING 64831
SWIDTH 327 0
DWIDTH 5 0
BBX 3 15 1 -3
BITMAP
80
80
40
40
40
60
60
60
60
60
40
40
40
80
80
ENDCHAR
STARTCHAR FDF2
ENCODING 65010
SWIDTH 589 0
DWIDTH 9 0
BBX 9 11 0 2
BITMAP
0800
0400
0000
0E00
0800
0000
1480
1480
3280
5280
ED80
ENDCHAR
STARTCHAR FE80
ENCODING 65152
SWIDTH 392 0
DWIDTH 6 0
BBX 4 5 1 1
BITMAP
60
80
90
E0
80
ENDCHAR
STARTCHAR FE81
ENCODING 65153
SWIDTH 196 0
DWIDTH 3 0
BBX 3 10 0 2
BITMAP
E0
00
40
40
40
40
40
40
40
40
ENDCHAR
STARTCHAR FE82
ENCODING 65154
SWIDTH 196 0
DWIDTH 3 0
BBX 4 11 0 2
BITMAP
E0
00
40
40
40
40
40
40
40
40
30
ENDCHAR
STARTCHAR FE83
ENCODING 65155
SWIDTH 196 0
DWIDTH 3 0
BBX 1 10 1 2
BITMAP
80
80
80
00
80
80
80
80
80
80
ENDCHAR
STARTCHAR FE84
ENCODING 65156
SWIDTH 196 0
DWIDTH 3 0
BBX 3 11 1 2
BITMAP
80
80
80
00
80
80
80
80
80
80
60
ENDCHAR
STARTCHAR FE85
ENCODING 65157
SWIDTH 392 0
DWIDTH 6 0
BBX 5 10 2 -1
BITMAP
20
40
60
00
18
28
18
08
10
E0
ENDCHAR
STARTCHAR FE86
ENCODING 65158
SWIDTH 392 0
DWIDTH 6 0
BBX 5 10 2 -1
BITMAP
20
40
60
00
18
28
18
08
10
E0
ENDCHAR
STARTCHAR FE87
ENCODING 65159
SWIDTH 196 0
DWIDTH 3 0
BBX 2 13 0 -2
BITMAP
40
40
40
40
40
40
40
40
00
00
40
80
40
ENDCHAR
STARTCHAR FE88
ENCODING 65160
SWIDTH 196 0
DWIDTH 3 0
BBX 3 13 1 -2
BITMAP
80
80
80
80
80
80
80
80
60
00
80
80
80
ENDCHAR
STARTCHAR FE89
ENCODING 65161
SWIDTH 654 0
DWIDTH 10 0
BBX 9 10 0 -1
BITMAP
4000
8000
4180
0200
4400
8400
8780
8080
C300
7C00
ENDCHAR
STARTCHAR FE8A
ENCODING 65162
SWIDTH 589 0
DWIDTH 9 0
BBX 8 9 1 -2
BITMAP
40
80
80
00
07
88
8E
82
7C
ENDCHAR
STARTCHAR FE8B
ENCODING 65163
SWIDTH 261 0
DWIDTH 4 0
BBX 4 9 0 2
BITMAP
20
40
20
00
10
10
10
10
F0
ENDCHAR
STARTCHAR FE8C
ENCODING 65164
SWIDTH 261 0
DWIDTH 4 0
BBX 4 9 0 2
BITMAP
20
40
20
00
10
10
10
10
F0
ENDCHAR
STARTCHAR FE8D
ENCODING 65165
SWIDTH 196 0
DWIDTH 3 0
BBX 1 8 1 2
BITMAP
80
80
80
80
80
80
80
80
ENDCHAR
STARTCHAR FE8E
ENCODING 65166
SWIDTH 196 0
DWIDTH 3 0
BBX 3 9 1 2
BITMAP
80
80
80
80
80
80
80
80
60
ENDCHAR
STARTCHAR FE8F
ENCODING 65167
SWIDTH 720 0
DWIDTH 11 0
BBX 10 7 1 0
BITMAP
8040
8040
8040
8040
7FC0
0000
0C00
ENDCHAR
STARTCHAR FE90
ENCODING 65168
SWIDTH 720 0
DWIDTH 11 0
BBX 10 7 1 0
BITMAP
8040
8040
8040
8040
7FC0
0000
0C00
ENDCHAR
STARTCHAR FE91
ENCODING 65169
SWIDTH 261 0
DWIDTH 4 0
BBX 4 7 0 0
BITMAP
10
10
10
10
F0
00
20
ENDCHAR
STARTCHAR FE92
ENCODING 65170
SWIDTH 261 0
DWIDTH 4 0
BBX 4 7 0 0
BITMAP
10
10
10
10
F0
00
20
ENDCHAR
STARTCHAR FE93
ENCODING 65171
SWIDTH 261 0
DWIDTH 4 0
BBX 4 7 0 2
BITMAP
20
C0
00
60
90
90
70
ENDCHAR
STARTCHAR FE94
ENCODING 65172
SWIDTH 392 0
DWIDTH 6 0
BBX 6 9 0 2
BITMAP
10
40
10
10
30
50
F0
08
0C
ENDCHAR
STARTCHAR FE95
ENCODING 65173
SWIDTH 720 0
DWIDTH 11 0
BBX 10 7 1 2
BITMAP
0600
1800
8040
8040
8040
8040
7FC0
ENDCHAR
STARTCHAR FE96
ENCODING 65174
SWIDTH 720 0
DWIDTH 11 0
BBX 10 7 1 2
BITMAP
0600
1800
8040
8040
8040
8040
7FC0
ENDCHAR
STARTCHAR FE97
ENCODING 65175
SWIDTH 261 0
DWIDTH 4 0
BBX 4 8 0 2
BITMAP
30
C0
00
10
10
10
10
F0
ENDCHAR
STARTCHAR FE98
ENCODING 65176
SWIDTH 261 0
DWIDTH 4 0
BBX 4 8 0 2
BITMAP
30
C0
00
10
10
10
10
F0
ENDCHAR
STARTCHAR FE99
ENCODING 65177
SWIDTH 720 0
DWIDTH 11 0
BBX 10 7 1 2
BITMAP
0E00
1800
8040
8040
8040
8040
7FC0
ENDCHAR
STARTCHAR FE9A
ENCODING 65178
SWIDTH 720 0
DWIDTH 11 0
BBX 10 7 1 2
BITMAP
0E00
1800
8040
8040
8040
8040
7FC0
ENDCHAR
STARTCHAR FE9B
ENCODING 65179
SWIDTH 261 0
DWIDTH 4 0
BBX 4 8 0 2
BITMAP
70
C0
00
10
10
10
10
F0
ENDCHAR
STARTCHAR FE9C
ENCODING 65180
SWIDTH 261 0
DWIDTH 4 0
BBX 4 8 0 2
BITMAP
70
C0
00
10
10
10
10
F0
ENDCHAR
STARTCHAR FE9D
ENCODING 65181
SWIDTH 523 0
DWIDTH 8 0
BBX 7 9 0 -3
BITMAP
7E
18
60
80
8C
80
80
60
3E
ENDCHAR
STARTCHAR FE9E
ENCODING 65182
SWIDTH 523 0
DWIDTH 8 0
BBX 8 9 0 -3
BITMAP
7E
1C
24
C7
80
88
80
60
3E
ENDCHAR
STARTCHAR FE9F
ENCODING 65183
SWIDTH 523 0
DWIDTH 8 0
BBX 8 6 0 0
BITMAP
38
0C
06
FF
00
18
ENDCHAR
STARTCHAR FEA0
ENCODING 65184
SWIDTH 523 0
DWIDTH 8 0
BBX 8 6 0 0
BITMAP
38
0C
06
FF
00
18
ENDCHAR
STARTCHAR FEA1
ENCODING 65185
SWIDTH 523 0
DWIDTH 8 0
BBX 7 9 0 -3
BITMAP
7E
18
60
80
80
80
80
60
3E
ENDCHAR
STARTCHAR FEA2
ENCODING 65186
SWIDTH 523 0
DWIDTH 8 0
BBX 8 9 0 -3
BITMAP
7E
1C
24
C7
80
80
80
60
3E
ENDCHAR
STARTCHAR FEA3
ENCODING 65187
SWIDTH 523 0
DWIDTH 8 0
BBX 8 4 0 2
BITMAP
38
0C
06
FF
ENDCHAR
STARTCHAR FEA4
ENCODING 65188
SWIDTH 523 0
DWIDTH 8 0
BBX 8 4 0 2
BITMAP
38
0C
06
FF
ENDCHAR
STARTCHAR FEA5
ENCODING 65189
SWIDTH 523 0
DWIDTH 8 0
BBX 7 11 0 -3
BITMAP
18
00
7E
18
60
80
80
80
80
60
3E
ENDCHAR
STARTCHAR FEA6
ENCODING 65190
SWIDTH 523 0
DWIDTH 8 0
BBX 8 12 0 -3
BITMAP
18
00
00
7E
1C
24
C7
80
80
80
60
3E
ENDCHAR
STARTCHAR FEA7
ENCODING 65191
SWIDTH 523 0
DWIDTH 8 0
BBX 8 7 0 2
BITMAP
18
00
00
38
0C
06
FF
ENDCHAR
STARTCHAR FEA8
ENCODING 65192
SWIDTH 523 0
DWIDTH 8 0
BBX 8 7 0 2
BITMAP
18
00
00
38
0C
06
FF
ENDCHAR
STARTCHAR FEA9
ENCODING 65193
SWIDTH 327 0
DWIDTH 5 0
BBX 5 5 1 2
BITMAP
20
10
10
08
F8
ENDCHAR
STARTCHAR FEAA
ENCODING 65194
SWIDTH 327 0
DWIDTH 5 0
BBX 5 5 1 2
BITMAP
20
10
10
08
F8
ENDCHAR
STARTCHAR FEAB
ENCODING 65195
SWIDTH 327 0
DWIDTH 5 0
BBX 5 7 1 2
BITMAP
60
00
20
10
10
08
F8
ENDCHAR
STARTCHAR FEAC
ENCODING 65196
SWIDTH 327 0
DWIDTH 5 0
BBX 5 7 1 2
BITMAP
60
00
20
10
10
08
F8
ENDCHAR
STARTCHAR FEAD
ENCODING 65197
SWIDTH 458 0
DWIDTH 7 0
BBX 7 7 1 -1
BITMAP
04
02
02
02
06
8C
78
ENDCHAR
STARTCHAR FEAE
ENCODING 65198
SWIDTH 458 0
DWIDTH 7 0
BBX 7 7 1 -1
BITMAP
04
02
02
02
06
8C
78
ENDCHAR
STARTCHAR FEAF
ENCODING 65199
SWIDTH 458 0
DWIDTH 7 0
BBX 7 9 1 -1
BITMAP
0C
00
04
02
02
02
06
8C
78
ENDCHAR
STARTCHAR FEB0
ENCODING 65200
SWIDTH 458 0
DWIDTH 7 0
BBX 7 9 1 -1
BITMAP
0C
00
04
02
02
02
06
8C
78
ENDCHAR
STARTCHAR FEB1
ENCODING 65201
SWIDTH 785 0
DWIDTH 12 0
BBX 12 7 1 -1
BITMAP
0250
0250
8250
81F0
8200
8600
7C00
ENDCHAR
STARTCHAR FEB2
ENCODING 65202
SWIDTH 785 0
DWIDTH 12 0
BBX 12 7 1 -1
BITMAP
0250
0250
8250
81F0
8200
8600
7C00
ENDCHAR
STARTCHAR FEB3
ENCODING 65203
SWIDTH 523 0
DWIDTH 8 0
BBX 8 4 0 2
BITMAP
01
01
13
FF
ENDCHAR
STARTCHAR FEB4
ENCODING 65204
SWIDTH 523 0
DWIDTH 8 0
BBX 8 4 0 2
BITMAP
01
01
13
FF
ENDCHAR
STARTCHAR FEB5
ENCODING 65205
SWIDTH 785 0
DWIDTH 12 0
BBX 12 10 1 -1
BITMAP
00E0
0080
0000
0250
0250
8250
81F0
8200
8600
7C00
ENDCHAR
STARTCHAR FEB6
ENCODING 65206
SWIDTH 785 0
DWIDTH 12 0
BBX 12 10 1 -1
BITMAP
00E0
0080
0000
0250
0250
8250
81F0
8200
8600
7C00
ENDCHAR
STARTCHAR FEB7
ENCODING 65207
SWIDTH 523 0
DWIDTH 8 0
BBX 8 7 0 2
BITMAP
07
04
00
01
01
13
FF
ENDCHAR
STARTCHAR FEB8
ENCODING 65208
SWIDTH 523 0
DWIDTH 8 0
BBX 8 7 0 2
BITMAP
07
04
00
01
01
13
FF
ENDCHAR
STARTCHAR FEB9
ENCODING 65209
SWIDTH 1047 0
DWIDTH 16 0
BBX 16 7 1 -1
BITMAP
020E
0211
8261
81FF
8200
8600
7C00
ENDCHAR
STARTCHAR FEBA
ENCODING 65210
SWIDTH 1047 0
DWIDTH 16 0
BBX 16 7 1 -1
BITMAP
020E
0211
8261
81FF
8200
8600
7C00
ENDCHAR
STARTCHAR FEBB
ENCODING 65211
SWIDTH 850 0
DWIDTH 13 0
BBX 13 3 0 2
BITMAP
0078
1188
FFF8
ENDCHAR
STARTCHAR FEBC
ENCODING 65212
SWIDTH 850 0
DWIDTH 13 0
BBX 13 3 0 2
BITMAP
0078
1188
FFF8
ENDCHAR
STARTCHAR FEBD
ENCODING 65213
SWIDTH 1047 0
DWIDTH 16 0
BBX 16 9 1 -1
BITMAP
0060
0000
020E
0211
8261
81FF
8200
8600
7C00
ENDCHAR
STARTCHAR FEBE
ENCODING 65214
SWIDTH 1047 0
DWIDTH 16 0
BBX 16 9 1 -1
BITMAP
0060
0000
020E
0211
8261
81FF
8200
8600
7C00
ENDCHAR
STARTCHAR FEBF
ENCODING 65215
SWIDTH 850 0
DWIDTH 13 0
BBX 13 5 0 2
BITMAP
0100
0000
0078
1188
FFF8
ENDCHAR
STARTCHAR FEC0
ENCODING 65216
SWIDTH 850 0
DWIDTH 13 0
BBX 13 5 0 2
BITMAP
0100
0000
0078
1188
FFF8
ENDCHAR
STARTCHAR FEC1
ENCODING 65217
SWIDTH 589 0
DWIDTH 9 0
BBX 9 9 0 3
BITMAP
3000
1000
1000
1000
1000
1000
1780
1880
FF80
ENDCHAR
STARTCHAR FEC2
ENCODING 65218
SWIDTH 589 0
DWIDTH 9 0
BBX 9 9 0 3
BITMAP
3000
1000
1000
1000
1000
1000
1780
1880
FF80
ENDCHAR
STARTCHAR FEC3
ENCODING 65219
SWIDTH 589 0
DWIDTH 9 0
BBX 9 9 0 3
BITMAP
3000
1000
1000
1000
1000
1000
1780
1880
FF80
ENDCHAR
STARTCHAR FEC4
ENCODING 65220
SWIDTH 589 0
DWIDTH 9 0
BBX 9 9 0 3
BITMAP
3000
1000
1000
1000
1000
1000
1780
1880
FF80
ENDCHAR
STARTCHAR FEC5
ENCODING 65221
SWIDTH 589 0
DWIDTH 9 0
BBX 9 9 0 3
BITMAP
3000
1000
1000
1200
1000
1000
1780
1880
FF80
ENDCHAR
STARTCHAR FEC6
ENCODING 65222
SWIDTH 589 0
DWIDTH 9 0
BBX 9 9 0 3
BITMAP
3000
1000
1000
1200
1000
1000
1780
1880
FF80
ENDCHAR
STARTCHAR FEC7
ENCODING 65223
SWIDTH 589 0
DWIDTH 9 0
BBX 9 9 0 3
BITMAP
3000
1000
1000
1200
1000
1000
1780
1880
FF80
ENDCHAR
STARTCHAR FEC8
ENCODING 65224
SWIDTH 589 0
DWIDTH 9 0
BBX 9 9 0 3
BITMAP
3000
1000
1000
1200
1000
1000
1780
1880
FF80
ENDCHAR
STARTCHAR FEC9
ENCODING 65225
SWIDTH 523 0
DWIDTH 8 0
BBX 7 11 0 -3
BITMAP
70
40
84
68
30
40
80
80
80
40
3E
ENDCHAR
STARTCHAR FECA
ENCODING 65226
SWIDTH 458 0
DWIDTH 7 0
BBX 7 8 0 -3
BITMAP
38
38
4E
80
80
80
60
3E
ENDCHAR
STARTCHAR FECB
ENCODING 65227
SWIDTH 523 0
DWIDTH 8 0
BBX 7 5 0 2
BITMAP
3C
40
40
22
FC
ENDCHAR
STARTCHAR FECC
ENCODING 65228
SWIDTH 392 0
DWIDTH 6 0
BBX 6 3 0 2
BITMAP
38
18
EC
ENDCHAR
STARTCHAR FECD
ENCODING 65229
SWIDTH 523 0
DWIDTH 8 0
BBX 7 13 0 -3
BITMAP
30
00
70
40
84
68
30
40
80
80
80
40
3E
ENDCHAR
STARTCHAR FECE
ENCODING 65230
SWIDTH 458 0
DWIDTH 7 0
BBX 7 10 0 -3
BITMAP
10
00
38
38
4E
80
80
80
60
3E
ENDCHAR
STARTCHAR FECF
ENCODING 65231
SWIDTH 523 0
DWIDTH 8 0
BBX 7 7 0 2
BITMAP
10
00
3C
40
40
22
FC
ENDCHAR
STARTCHAR FED0
ENCODING 65232
SWIDTH 392 0
DWIDTH 6 0
BBX 6 6 0 2
BITMAP
30
00
00
38
18
EC
ENDCHAR
STARTCHAR FED1
ENCODING 65233
SWIDTH 785 0
DWIDTH 12 0
BBX 11 7 1 2
BITMAP
00C0
0000
8060
80A0
80E0
8060
7FE0
ENDCHAR
STARTCHAR FED2
ENCODING 65234
SWIDTH 785 0
DWIDTH 12 0
BBX 11 7 1 2
BITMAP
00C0
0000
8060
80A0
80E0
8060
7FE0
ENDCHAR
STARTCHAR FED3
ENCODING 65235
SWIDTH 261 0
DWIDTH 4 0
BBX 5 7 0 2
BITMAP
20
00
30
50
70
08
F8
ENDCHAR
STARTCHAR FED4
ENCODING 65236
SWIDTH 261 0
DWIDTH 4 0
BBX 4 6 0 2
BITMAP
30
00
30
50
30
F0
ENDCHAR
STARTCHAR FED5
ENCODING 65237
SWIDTH 589 0
DWIDTH 9 0
BBX 8 10 1 -1
BITMAP
02
0C
00
06
05
87
81
81
83
7E
ENDCHAR
STARTCHAR FED6
ENCODING 65238
SWIDTH 589 0
DWIDTH 9 0
BBX 8 10 1 -1
BITMAP
02
0C
00
06
05
87
81
81
83
7E
ENDCHAR
STARTCHAR FED7
ENCODING 65239
SWIDTH 261 0
DWIDTH 4 0
BBX 5 8 0 2
BITMAP
10
40
00
30
50
70
08
F8
ENDCHAR
STARTCHAR FED8
ENCODING 65240
SWIDTH 261 0
DWIDTH 4 0
BBX 4 6 0 2
BITMAP
50
00
30
50
30
F0
ENDCHAR
STARTCHAR FED9
ENCODING 65241
SWIDTH 589 0
DWIDTH 9 0
BBX 9 9 1 3
BITMAP
0100
0900
1100
0D00
0500
8500
B900
8080
FF80
ENDCHAR
STARTCHAR FEDA
ENCODING 65242
SWIDTH 589 0
DWIDTH 9 0
BBX 9 9 1 3
BITMAP
0100
0900
1100
0D00
0500
8500
B900
8080
FF80
ENDCHAR
STARTCHAR FEDB
ENCODING 65243
SWIDTH 392 0
DWIDTH 6 0
BBX 6 9 0 2
BITMAP
0C
38
60
40
70
18
08
04
FC
ENDCHAR
STARTCHAR FEDC
ENCODING 65244
SWIDTH 392 0
DWIDTH 6 0
BBX 6 9 0 2
BITMAP
0C
38
60
40
70
18
08
04
FC
ENDCHAR
STARTCHAR FEDD
ENCODING 65245
SWIDTH 523 0
DWIDTH 8 0
BBX 7 12 1 0
BITMAP
04
06
04
02
02
02
02
82
82
82
86
7C
ENDCHAR
STARTCHAR FEDE
ENCODING 65246
SWIDTH 523 0
DWIDTH 8 0
BBX 7 12 1 0
BITMAP
04
06
04
02
02
02
02
82
82
82
86
7C
ENDCHAR
STARTCHAR FEDF
ENCODING 65247
SWIDTH 196 0
DWIDTH 3 0
BBX 4 9 0 3
BITMAP
20
20
20
20
20
20
20
10
F0
ENDCHAR
STARTCHAR FEE0
ENCODING 65248
SWIDTH 196 0
DWIDTH 3 0
BBX 4 9 0 3
BITMAP
20
20
20
20
20
20
20
10
F0
ENDCHAR
STARTCHAR FEE1
ENCODING 65249
SWIDTH 327 0
DWIDTH 5 0
BBX 5 7 1 -3
BITMAP
60
10
78
80
80
80
80
ENDCHAR
STARTCHAR FEE2
ENCODING 65250
SWIDTH 327 0
DWIDTH 5 0
BBX 5 7 1 -3
BITMAP
60
10
78
80
80
80
80
ENDCHAR
STARTCHAR FEE3
ENCODING 65251
SWIDTH 392 0
DWIDTH 6 0
BBX 6 4 0 2
BITMAP
0C
14
34
EC
ENDCHAR
STARTCHAR FEE4
ENCODING 65252
SWIDTH 392 0
DWIDTH 6 0
BBX 6 4 0 2
BITMAP
0C
14
34
EC
ENDCHAR
STARTCHAR FEE5
ENCODING 65253
SWIDTH 523 0
DWIDTH 8 0
BBX 7 8 1 -1
BITMAP
18
02
02
82
82
82
86
7C
ENDCHAR
STARTCHAR FEE6
ENCODING 65254
SWIDTH 523 0
DWIDTH 8 0
BBX 7 8 1 -1
BITMAP
18
02
02
82
82
82
86
7C
ENDCHAR
STARTCHAR FEE7
ENCODING 65255
SWIDTH 261 0
DWIDTH 4 0
BBX 4 7 0 2
BITMAP
20
00
10
10
10
10
F0
ENDCHAR
STARTCHAR FEE8
ENCODING 65256
SWIDTH 261 0
DWIDTH 4 0
BBX 4 7 0 2
BITMAP
20
00
10
10
10
10
F0
ENDCHAR
STARTCHAR FEE9
ENCODING 65257
SWIDTH 261 0
DWIDTH 4 0
BBX 4 4 0 2
BITMAP
60
90
90
E0
ENDCHAR
STARTCHAR FEEA
ENCODING 65258
SWIDTH 392 0
DWIDTH 6 0
BBX 6 7 0 2
BITMAP
10
10
30
50
F0
08
0C
ENDCHAR
STARTCHAR FEEB
ENCODING 65259
SWIDTH 458 0
DWIDTH 7 0
BBX 6 6 0 2
BITMAP
10
30
48
54
34
CC
ENDCHAR
STARTCHAR FEEC
ENCODING 65260
SWIDTH 392 0
DWIDTH 6 0
BBX 6 7 0 -1
BITMAP
18
28
30
FC
50
28
18
ENDCHAR
STARTCHAR FEED
ENCODING 65261
SWIDTH 392 0
DWIDTH 6 0
BBX 5 6 2 -1
BITMAP
18
28
18
08
10
E0
ENDCHAR
STARTCHAR FEEE
ENCODING 65262
SWIDTH 392 0
DWIDTH 6 0
BBX 5 6 2 -1
BITMAP
18
28
18
08
10
E0
ENDCHAR
STARTCHAR FEEF
ENCODING 65263
SWIDTH 654 0
DWIDTH 10 0
BBX 9 8 0 -1
BITMAP
0180
0200
4400
8400
8780
8080
C300
7C00
ENDCHAR
STARTCHAR FEF0
ENCODING 65264
SWIDTH 589 0
DWIDTH 9 0
BBX 8 5 1 -2
BITMAP
07
88
8E
82
7C
ENDCHAR
STARTCHAR FEF1
ENCODING 65265
SWIDTH 654 0
DWIDTH 10 0
BBX 9 10 0 -3
BITMAP
0180
0200
4400
8400
8780
8080
C300
7C00
0400
1800
ENDCHAR
STARTCHAR FEF2
ENCODING 65266
SWIDTH 589 0
DWIDTH 9 0
BBX 8 6 1 -3
BITMAP
07
88
8E
82
7C
38
ENDCHAR
STARTCHAR FEF3
ENCODING 65267
SWIDTH 261 0
DWIDTH 4 0
BBX 4 8 0 -1
BITMAP
10
10
10
10
F0
00
30
40
ENDCHAR
STARTCHAR FEF4
ENCODING 65268
SWIDTH 261 0
DWIDTH 4 0
BBX 4 8 0 -1
BITMAP
10
10
10
10
F0
00
30
40
ENDCHAR
STARTCHAR FEF5
ENCODING 65269
SWIDTH 523 0
DWIDTH 8 0
BBX 6 12 1 1
BITMAP
C0
00
84
C4
24
24
14
08
08
18
28
38
ENDCHAR
STARTCHAR FEF6
ENCODING 65270
SWIDTH 589 0
DWIDTH 9 0
BBX 9 11 0 2
BITMAP
6000
0000
6000
3200
0A00
0600
0100
0300
0500
3D00
F880
ENDCHAR
STARTCHAR FEF7
ENCODING 65271
SWIDTH 523 0
DWIDTH 8 0
BBX 7 12 0 1
BITMAP
40
80
42
02
42
62
12
0C
04
04
0C
1C
ENDCHAR
STARTCHAR FEF8
ENCODING 65272
SWIDTH 589 0
DWIDTH 9 0
BBX 9 11 0 2
BITMAP
4000
8000
4000
0200
6200
1A00
0500
0300
0500
3D00
F880
ENDCHAR
STARTCHAR FEF9
ENCODING 65273
SWIDTH 523 0
DWIDTH 8 0
BBX 6 14 1 -3
BITMAP
84
C4
24
24
14
08
08
18
28
38
00
20
40
20
ENDCHAR
STARTCHAR FEFA
ENCODING 65274
SWIDTH 589 0
DWIDTH 9 0
BBX 9 13 0 -2
BITMAP
6000
3200
0A00
0600
0100
0300
0500
3D00
F880
0000
2000
4000
2000
ENDCHAR
STARTCHAR FEFB
ENCODING 65275
SWIDTH 523 0
DWIDTH 8 0
BBX 6 10 1 1
BITMAP
84
C4
24
24
14
08
08
18
28
38
ENDCHAR
STARTCHAR FEFC
ENCODING 65276
SWIDTH 589 0
DWIDTH 9 0
BBX 9 9 0 2
BITMAP
6000
3200
0A00
0600
0100
0300
0500
3D00
F880
ENDCHAR
STARTCHAR FFFC
ENCODING 65532
SWIDTH 981 0
DWIDTH 15 0
BBX 15 11 0 0
BITMAP
CEE6
8002
0000
39C8
A54A
C5CA
A54A
39D8
0000
8002
CEE6
ENDCHAR
ENDFONT
